prov_ubi;cant_ubi;parr_ubi;area_ubi;clase;tipo;entidad;sector;dotmedic;dismedic;dotcirug;discirug;dotginob;disginob;dotped;disped;dotneon;disneon;dotcardi;discardi;dotneumo;disneumo;dotpsiqu;dispsiqu;dottraum;distraum;dotinfec;disinfec;dotofta;disofta;dotootorri;disootorri;doturolo;disurolo;dotgast;disgast;dotquem;disquem;dotneuro;disneuro;dotnefro;disnefro;dotonco;disonco;dothema;dishema;dototrse;disotrse;dotserin;disserin;camas_dnor;camas_disp;dotemerg;dotcinteadult;dotcintepediatri;dotcinteneonat;dotcintrm;dotcrecup;dototrapo;dia_estad;dias_cdis;totegres;falmen48;falmas48
23;2301;230103;1;1;5;18;2;0;0;0;0;4;6;0;0;2;2;0;0;0;0;0;0;0;0;0;0;0;0;0;0;0;0;0;0;0;0;0;0;0;0;0;0;0;0;0;0;0;0;6;8;0;0;0;0;0;0;0;393;3108;393;0;0
23;2301;230102;1;32;1;17;3;0;0;0;0;0;0;0;0;0;0;0;0;0;0;0;0;0;0;0;0;0;0;0;0;0;0;0;0;0;0;0;0;0;0;0;0;0;0;0;0;13;13;13;13;3;1;0;0;0;0;2;80;2262;67;0;0
17;1701;170127;1;2;1;18;2;0;0;0;0;0;0;0;0;0;0;0;0;0;0;0;0;0;0;0;0;0;0;0;0;0;0;0;0;0;0;0;0;0;0;0;0;0;0;0;0;17;17;17;17;0;7;8;4;0;0;0;4550;6205;1989;6;6
12;1201;120102;1;32;1;18;2;0;0;0;0;0;0;0;0;0;0;0;0;0;0;0;0;0;0;0;0;0;0;0;0;0;0;0;0;0;0;0;0;0;0;0;0;0;0;0;0;8;8;8;8;2;0;0;0;0;0;0;289;2181;177;0;0
09;0906;090603;1;12;3;17;3;1;0;11;4;1;0;0;0;0;0;0;0;0;0;0;0;0;0;0;0;6;5;0;0;0;1;0;0;0;0;0;0;0;0;0;0;0;0;3;0;0;0;22;10;0;0;0;0;0;0;0;130;3913;95;0;0
24;2402;240250;1;32;1;18;2;0;0;0;1;0;0;0;0;0;5;0;0;0;0;0;0;0;0;0;0;0;0;0;0;0;0;0;0;0;0;0;0;0;0;0;0;0;0;0;0;5;5;5;11;0;0;0;0;0;0;0;308;3099;161;0;0
01;0101;010107;1;6;2;17;3;0;0;0;0;0;0;0;0;0;0;0;0;0;0;34;34;0;0;0;0;0;0;0;0;0;0;0;0;0;0;0;0;0;0;0;0;0;0;43;43;0;0;77;77;0;0;0;0;0;1;5;23498;28105;453;0;0
22;2201;220150;1;12;3;18;2;5;5;3;3;5;5;1;1;1;1;0;0;0;0;1;1;3;3;3;3;2;2;1;1;1;1;2;2;0;0;0;0;0;0;0;0;0;0;0;0;0;0;28;28;2;0;0;1;1;1;2;290;10220;194;0;0
21;2101;210150;1;12;3;18;2;0;0;2;2;1;1;1;1;0;0;0;0;0;0;0;0;1;1;0;0;0;0;0;0;0;0;0;0;0;0;0;0;0;0;0;0;0;0;0;0;3;4;8;9;4;0;0;0;0;1;2;662;3195;519;0;0
01;0101;010111;1;12;3;18;2;0;0;0;0;0;0;0;0;0;0;0;0;0;0;0;0;0;0;0;0;0;0;0;0;0;0;0;0;0;0;0;0;0;0;0;0;0;0;0;0;13;13;13;13;1;0;0;0;0;0;0;737;4745;438;1;0
13;1308;130802;1;12;3;18;2;1;1;2;2;5;5;2;2;0;0;0;0;0;0;0;0;1;1;0;0;0;0;0;0;1;1;1;1;0;0;0;0;0;0;0;0;0;0;0;0;0;0;13;13;0;0;0;0;0;0;0;927;4745;774;0;0
17;1701;170112;1;17;2;17;3;0;0;0;0;0;0;0;0;0;0;0;0;0;0;0;0;0;0;0;0;0;0;0;0;0;0;0;0;0;0;0;0;0;0;0;0;0;0;0;0;51;51;51;51;0;0;0;0;0;0;0;9853;18615;73;6;63
11;1101;110102;1;1;5;18;2;0;0;0;0;5;5;2;2;0;0;0;0;0;0;0;0;0;0;0;0;0;0;0;0;0;0;0;0;0;0;0;0;0;0;0;0;0;0;0;0;11;11;18;18;2;0;0;0;0;1;1;1183;6570;470;0;0
09;0901;090112;1;1;5;18;2;30;30;0;0;0;0;0;0;0;0;0;0;0;0;0;0;0;0;0;0;0;0;0;0;0;0;0;0;0;0;0;0;0;0;0;0;0;0;0;0;0;0;30;30;0;0;0;0;0;0;0;1167;10980;386;0;2
09;0901;090102;1;32;1;18;2;0;0;0;0;0;0;0;0;0;0;0;0;0;0;0;0;0;0;0;0;0;0;0;0;0;0;0;0;0;0;0;0;0;0;0;0;0;0;0;0;12;12;12;12;0;0;0;0;0;0;0;625;4368;561;0;0
17;1701;170101;1;12;3;18;2;0;0;0;0;0;0;0;0;0;0;0;0;0;0;0;0;0;0;0;0;0;0;0;0;0;0;0;0;0;0;0;0;0;0;0;0;0;0;0;0;13;12;13;12;0;0;0;0;0;0;0;1574;4411;604;1;3
13;1301;130106;1;1;5;18;2;1;1;7;7;3;3;7;7;1;1;0;0;0;0;0;0;0;0;0;0;0;0;0;0;0;0;0;0;0;0;0;0;0;0;0;0;0;0;0;0;0;0;19;19;3;0;0;0;0;2;0;186;7030;156;1;0
09;0920;092056;2;1;5;18;2;17;17;0;0;0;0;3;3;0;0;0;0;0;0;0;0;0;0;0;0;0;0;0;0;0;0;0;0;0;0;0;0;0;0;0;0;0;0;0;0;0;0;20;20;0;0;0;0;0;0;0;2325;1420;1266;0;0
09;0901;090102;1;1;5;18;2;8;8;4;4;4;4;1;1;1;1;0;0;0;0;0;0;0;0;0;0;0;0;0;0;0;0;0;0;0;0;0;0;0;0;0;0;0;0;0;0;0;0;18;18;0;0;0;0;0;0;0;2082;6448;2064;0;0
17;1701;170109;1;12;3;18;2;0;0;0;0;0;0;0;0;0;0;0;0;0;0;0;0;0;0;0;0;0;0;0;0;0;0;0;0;0;0;0;0;0;0;0;0;0;0;0;0;9;9;9;9;0;0;0;0;0;0;0;57;3285;52;0;0
09;0901;090106;1;32;1;18;2;3;5;0;0;0;0;0;0;0;0;0;0;0;0;0;0;0;0;0;0;0;0;0;0;0;0;0;0;0;0;0;0;0;0;0;0;0;0;0;0;0;0;3;5;0;0;0;0;0;0;0;71;2067;61;0;0
09;0908;090850;1;32;1;18;2;0;0;0;0;0;0;0;0;0;0;0;0;0;0;0;0;0;0;0;0;0;0;0;0;0;0;0;0;0;0;0;0;0;0;0;0;0;0;0;0;13;13;13;13;0;0;0;0;0;0;0;44;4745;44;0;0
23;2301;230105;1;32;1;18;2;0;0;0;0;0;0;0;0;0;1;0;0;0;0;0;0;0;0;0;0;0;0;0;0;0;0;0;0;0;0;0;0;0;0;0;0;0;1;0;0;6;5;6;7;0;0;0;0;0;0;0;136;2072;78;0;0
08;0801;080102;1;12;3;18;2;2;2;2;2;3;3;0;0;4;4;0;0;0;0;0;0;0;0;0;0;0;0;0;0;0;0;0;0;0;0;0;0;0;0;0;0;0;0;0;0;0;0;11;11;4;0;0;0;1;0;2;374;4015;322;0;0
06;0601;060102;1;12;3;18;2;2;1;1;0;2;1;0;0;0;0;0;0;1;0;0;0;1;0;0;0;0;0;1;0;0;0;1;0;0;0;0;0;0;0;0;0;0;0;0;0;0;0;9;2;0;0;0;0;0;0;0;125;1098;75;0;1
05;0505;050550;1;12;3;18;2;0;0;0;0;0;0;0;0;0;0;0;0;0;0;0;0;0;0;0;0;0;0;0;0;0;0;0;0;0;0;0;0;0;0;0;0;0;0;0;0;7;7;7;7;0;0;0;0;0;0;0;671;2555;379;2;0
17;1701;170106;1;12;3;18;2;0;0;0;0;0;0;0;0;0;0;0;0;0;0;0;0;0;0;0;0;0;0;0;0;0;0;0;0;0;0;0;0;0;0;0;0;0;0;0;0;12;12;12;12;4;2;1;0;1;2;2;1225;4380;531;22;15
17;1701;170156;2;12;3;18;2;0;0;0;0;0;0;0;0;0;0;0;0;0;0;0;0;0;0;0;0;0;0;0;0;0;0;0;0;0;0;0;0;0;0;0;0;0;0;0;0;10;10;10;10;3;0;0;0;0;0;1;1044;3650;525;1;0
17;1701;170113;1;12;3;18;2;9;9;0;0;0;0;0;0;0;0;0;0;0;0;0;0;0;0;0;0;0;0;0;0;0;0;0;0;0;0;0;0;0;0;0;0;0;0;0;0;0;0;9;9;0;0;0;0;0;0;0;689;3285;482;2;2
17;1701;170112;1;12;3;18;2;13;13;0;0;0;0;0;0;6;6;0;0;0;0;0;0;0;0;0;0;0;0;0;0;0;0;0;0;0;0;0;0;0;0;0;0;0;0;0;0;0;0;19;19;0;0;0;0;0;0;0;1987;6935;747;0;1
08;0801;080101;1;12;3;18;2;0;0;0;0;0;0;0;0;0;0;0;0;0;0;0;0;0;0;0;0;0;0;0;0;0;0;0;0;0;0;0;0;0;0;0;0;0;0;0;0;9;9;9;9;0;0;0;0;0;0;0;76;3285;76;1;0
17;1705;170550;1;12;3;18;2;0;0;0;0;0;0;0;0;0;0;0;0;0;0;0;0;0;0;0;0;0;0;0;0;0;0;0;0;0;0;0;0;0;0;0;0;0;0;0;0;15;15;15;15;0;0;0;0;0;0;0;2115;5475;1168;1;3
17;1701;170184;2;12;3;18;2;11;11;0;0;0;0;0;0;1;1;0;0;0;0;0;0;0;0;0;0;0;0;0;0;0;0;0;0;0;0;0;0;0;0;0;0;0;0;0;0;0;0;12;12;0;0;0;0;0;0;0;1753;4380;875;2;0
17;1701;170115;1;12;3;18;2;0;0;0;0;0;0;0;0;0;0;0;0;0;0;0;0;0;0;0;0;0;0;0;0;0;0;0;0;0;0;0;0;0;0;0;0;0;0;0;0;7;7;7;7;0;0;0;0;0;0;0;179;2555;81;0;0
01;0101;010110;1;15;1;18;2;0;0;0;0;0;0;0;0;0;0;0;0;0;0;0;0;9;9;0;0;0;0;0;0;0;0;0;0;0;0;0;0;0;0;0;0;0;0;0;0;0;0;9;9;0;0;0;0;0;0;0;263;3285;66;0;0
17;1701;170114;1;12;3;18;2;0;0;0;0;0;0;0;0;4;4;0;0;0;0;0;0;0;0;0;0;0;0;0;0;0;0;0;0;0;0;0;0;0;0;0;0;0;0;0;0;20;20;24;24;0;0;0;0;0;0;0;5255;8760;4070;0;0
17;1701;170127;1;12;3;18;2;0;0;0;0;0;0;0;0;0;0;0;0;0;0;0;0;0;0;0;0;0;0;0;0;0;0;0;0;0;0;0;0;0;0;0;0;0;0;4;4;6;6;10;10;0;0;0;0;0;0;0;663;3650;580;0;0
13;1308;130802;1;2;1;18;2;0;0;2;2;2;2;2;2;0;0;2;2;0;0;0;0;2;2;0;0;0;0;2;2;0;0;2;2;0;0;0;0;0;0;0;0;0;0;0;0;24;24;38;38;7;10;0;0;5;0;0;19873;15347;3316;33;167
11;1101;110103;1;12;3;18;2;0;0;0;0;0;0;0;0;0;0;0;0;0;0;0;0;0;0;0;0;0;0;0;0;0;0;0;0;0;0;0;0;0;0;0;0;0;0;0;0;0;6;0;6;0;0;0;0;0;0;0;27;2190;27;0;0
01;0101;010112;1;17;1;18;2;0;0;0;0;0;0;0;0;0;0;0;0;0;0;0;0;0;0;0;0;0;0;0;0;4;4;0;0;0;0;0;0;0;0;0;0;0;0;0;0;0;0;4;4;0;0;0;0;0;2;0;252;1460;184;0;0
17;1701;170112;1;12;3;18;2;0;0;2;2;0;0;0;0;0;0;0;0;0;0;0;0;0;0;0;0;0;0;0;0;0;0;0;0;0;0;0;0;0;0;0;0;0;0;0;0;0;0;2;2;0;0;0;0;0;0;0;54;730;32;0;0
09;0901;090112;1;32;1;18;2;0;0;0;0;0;0;0;0;0;0;0;0;0;0;0;0;0;0;0;0;0;0;0;0;0;0;0;0;0;0;0;0;0;0;0;0;0;0;0;0;7;7;7;7;0;0;0;0;0;0;0;1509;2555;1503;0;0
17;1701;170180;2;12;3;18;2;0;0;3;3;0;0;0;0;2;2;0;0;0;0;0;0;0;0;0;0;0;0;0;0;0;0;0;0;0;0;0;0;0;0;0;0;0;0;0;0;7;7;12;12;3;0;0;0;0;0;0;182;4380;66;0;1
13;1314;131401;1;1;5;18;2;0;0;0;0;4;4;1;1;0;0;0;0;0;0;0;0;0;0;0;0;0;0;0;0;0;0;0;0;0;0;0;0;0;0;0;0;0;0;0;0;0;0;5;5;0;0;0;0;0;0;0;123;1825;85;0;0
17;1701;170114;1;12;3;18;2;0;0;0;0;0;0;0;0;1;1;0;0;0;0;0;0;0;0;0;0;0;0;0;0;0;0;0;0;0;0;0;0;0;0;0;0;0;0;0;0;7;7;8;8;0;0;0;0;0;0;0;60;2920;44;0;0
17;1705;170501;1;12;3;18;2;0;0;0;0;0;0;0;0;0;0;0;0;0;0;0;0;0;0;0;0;0;0;0;0;0;0;0;0;0;0;0;0;0;0;0;0;0;0;0;0;9;9;9;9;2;3;0;1;1;0;0;1188;3285;425;1;7
01;0101;010112;1;12;3;18;2;0;0;0;0;0;0;0;0;0;0;0;0;0;0;0;0;0;0;0;0;0;0;0;0;0;0;0;0;0;0;0;0;0;0;0;0;0;0;0;0;11;11;11;11;0;0;0;0;0;0;0;77;4015;76;0;0
01;0101;010114;1;12;3;18;2;8;8;2;2;0;0;0;0;0;0;0;0;0;0;0;0;0;0;0;0;0;0;0;0;0;0;0;0;0;0;0;0;0;0;0;0;0;0;0;0;0;0;10;10;0;0;0;0;0;0;0;392;3640;193;1;0
07;0701;070102;1;12;3;18;2;0;0;0;0;0;0;0;0;0;0;0;0;0;0;0;0;0;0;0;0;0;0;0;0;0;0;0;0;0;0;0;0;0;0;0;0;0;0;0;0;9;9;9;9;0;0;0;0;0;0;0;94;3285;93;2;0
09;0901;090103;1;11;1;18;2;0;0;0;0;0;0;0;0;0;0;0;0;0;0;0;0;0;0;0;0;0;0;0;0;0;0;0;0;0;0;0;0;0;0;0;0;0;0;0;0;51;51;51;51;23;15;0;0;59;0;0;36593;16930;3805;76;400
07;0706;070650;1;1;5;18;2;0;1;1;1;4;4;4;4;13;12;0;0;0;0;0;0;0;0;0;0;0;0;0;0;0;0;0;0;0;0;0;0;0;0;0;0;0;0;2;2;0;0;24;24;2;1;1;0;1;1;1;4406;8940;683;3;13
10;1001;100103;1;12;3;18;2;0;0;0;0;0;0;0;0;0;0;0;0;0;0;0;0;0;0;0;0;0;0;0;0;0;0;0;0;0;0;0;0;0;0;0;0;0;0;0;0;12;13;12;13;1;1;0;0;1;0;3;2217;4838;1201;5;0
17;1701;170114;1;12;3;18;2;0;0;0;0;0;0;0;0;4;4;0;0;0;0;0;0;0;0;0;0;0;0;0;0;0;0;0;0;0;0;0;0;0;0;0;0;0;0;0;0;20;20;24;24;0;0;0;0;0;0;0;4566;8736;2307;0;1
09;0906;090601;1;32;1;18;2;0;0;0;0;0;0;0;0;0;0;0;0;0;0;0;0;0;0;0;0;0;0;0;0;0;0;0;0;0;0;0;0;0;0;0;0;0;0;0;0;10;10;10;10;0;0;0;0;0;0;0;404;3650;321;0;0
13;1308;130801;1;12;3;18;2;0;0;0;0;0;0;0;0;0;0;0;0;0;0;0;0;0;0;0;0;0;0;0;0;0;0;0;0;0;0;0;0;0;0;0;0;0;0;0;0;7;7;7;7;1;0;0;0;0;1;0;181;2520;177;0;0
09;0901;090112;1;1;5;18;2;0;0;0;0;0;0;0;0;0;0;0;0;0;0;0;0;0;0;0;0;0;0;0;0;0;0;0;0;0;0;0;0;0;0;0;0;0;0;0;0;9;9;9;9;0;0;0;0;0;0;0;492;3225;262;0;0
01;0101;010110;1;1;5;18;2;0;0;0;0;0;0;0;0;0;0;0;0;0;0;0;0;0;0;0;0;0;0;0;0;0;0;0;0;0;0;0;0;0;0;0;0;0;0;0;0;19;19;19;19;3;0;0;0;2;0;0;2032;6935;1513;1;0
23;2301;230102;1;32;1;18;2;0;0;0;0;0;0;0;0;0;0;0;0;0;0;0;0;0;0;0;0;0;0;0;0;0;0;0;0;0;0;0;0;0;0;0;0;0;0;0;0;15;15;15;15;0;0;0;0;0;0;0;251;5203;194;0;0
07;0701;070102;1;1;5;18;2;0;0;0;0;0;0;0;0;2;2;0;0;0;0;0;0;0;0;0;0;0;0;0;0;0;0;0;0;0;0;0;0;0;0;0;0;0;0;0;0;10;10;12;12;0;0;0;0;0;0;0;229;4380;112;0;2
09;0901;090112;1;1;5;18;2;0;0;0;0;0;0;0;0;0;0;0;0;0;0;0;0;0;0;0;0;0;0;0;0;0;0;0;0;0;0;0;0;0;0;0;0;0;0;0;0;8;8;8;8;2;2;0;0;0;0;0;434;2912;383;0;1
24;2403;240352;2;1;5;18;2;0;0;0;0;0;0;0;0;0;0;0;0;0;0;0;0;0;0;0;0;0;0;0;0;0;0;0;0;0;0;0;0;0;0;0;0;0;0;0;0;9;9;9;9;0;0;0;0;0;0;0;111;3283;55;0;0
14;1406;140650;1;12;3;18;2;11;11;0;0;4;4;0;0;1;1;0;0;0;0;0;0;0;0;0;0;0;0;0;0;0;0;0;0;0;0;0;0;0;0;0;0;0;0;0;0;0;0;16;16;0;0;0;0;0;0;0;545;5840;297;0;2
10;1001;100104;1;12;3;18;2;0;0;0;0;0;0;0;0;0;0;0;0;0;0;0;0;0;0;0;0;0;0;0;0;0;0;0;0;0;0;0;0;0;0;0;0;0;0;0;0;8;8;8;8;0;0;0;0;0;1;0;189;2920;170;0;0
17;1701;170113;1;12;3;18;2;0;0;0;0;10;10;0;0;9;9;0;0;0;0;0;0;0;0;0;0;0;0;0;0;0;0;0;0;0;0;0;0;0;0;0;0;0;0;0;0;0;0;19;19;2;0;0;0;0;0;0;567;6935;315;0;1
07;0701;070102;1;1;5;18;2;20;20;0;0;0;0;2;2;0;0;0;0;0;0;0;0;0;0;0;0;0;0;0;0;0;0;0;0;0;0;0;0;0;0;0;0;0;0;0;0;0;0;22;22;0;0;0;0;0;0;0;890;8030;794;0;0
09;0910;091050;1;32;1;18;2;0;0;0;0;0;0;0;0;0;0;0;0;0;0;0;0;0;0;0;0;0;0;0;0;0;0;0;0;0;0;0;0;0;0;0;0;0;0;0;0;10;10;10;10;2;0;0;0;0;0;0;261;3605;143;0;2
10;1001;100104;1;12;3;18;2;0;0;0;0;0;0;0;0;0;0;0;0;0;0;0;0;0;0;0;0;0;0;0;0;0;0;0;0;0;0;0;0;0;0;0;0;0;0;0;0;6;6;6;6;0;0;0;0;0;0;0;35;2184;35;0;0
17;1701;170109;1;12;3;18;2;0;0;0;0;6;6;0;0;0;0;0;0;0;0;0;0;0;0;0;0;0;0;0;0;0;0;0;0;0;0;0;0;0;0;0;0;0;0;0;0;0;0;6;6;1;0;0;0;0;1;0;46;2190;27;0;0
17;1705;170503;1;12;3;18;2;0;0;0;0;0;0;0;0;0;0;0;0;0;0;0;0;0;0;0;0;0;0;0;0;0;0;0;0;0;0;0;0;0;0;0;0;0;0;0;0;4;4;4;4;0;0;0;0;0;0;0;195;1460;132;0;0
11;1101;110103;1;1;5;18;2;0;0;0;0;0;0;0;0;0;0;0;0;0;0;0;0;0;0;1;0;0;0;0;0;0;0;0;0;0;0;0;0;0;0;0;0;0;0;0;0;14;12;15;12;0;0;0;0;0;0;0;2184;4198;1072;1;1
10;1001;100103;1;12;3;18;2;0;0;0;0;0;0;0;0;0;0;0;0;0;0;0;0;0;0;0;0;0;0;0;0;0;0;0;0;0;0;0;0;0;0;0;0;0;0;0;0;18;18;18;18;0;0;0;0;0;0;0;2378;6570;1088;1;1
24;2402;240250;1;32;1;18;2;0;0;0;0;0;0;0;0;0;0;0;0;0;0;0;0;0;0;0;0;0;0;0;0;0;0;0;0;0;0;0;0;0;0;0;0;0;0;0;0;9;9;9;9;0;0;0;0;0;0;0;472;3249;469;0;0
09;0901;090112;1;1;5;18;2;0;0;0;0;0;0;0;0;0;0;0;0;0;0;0;0;0;0;0;0;0;0;0;0;0;0;0;0;0;0;0;0;0;0;0;0;0;0;0;0;16;12;16;12;2;1;0;0;4;0;0;1642;4317;1465;3;1
11;1101;110101;1;2;1;18;2;2;2;3;3;0;0;3;3;4;4;0;0;0;0;0;0;0;0;0;0;0;0;0;0;1;1;0;0;0;0;0;0;0;0;0;0;0;0;0;0;0;0;13;13;3;3;0;0;1;0;0;204;4745;154;0;0
17;1701;170123;1;12;3;18;2;0;0;0;0;0;0;0;0;6;6;0;0;0;0;0;0;0;0;0;0;0;0;0;0;0;0;0;0;0;0;0;0;0;0;0;0;0;0;0;0;19;19;25;25;1;0;0;1;1;2;0;1107;9125;680;0;0
09;0910;091050;1;1;5;18;2;4;4;3;3;3;3;0;0;6;6;0;0;0;0;0;0;0;0;0;0;0;0;0;0;0;0;0;0;0;0;0;0;0;0;0;0;0;0;0;0;0;0;16;16;0;0;0;0;0;0;0;749;5840;632;0;0
07;0710;071001;1;1;5;18;2;0;0;0;0;0;0;0;0;3;3;0;0;0;0;0;0;0;0;0;0;0;0;0;0;0;0;0;0;0;0;0;0;0;0;0;0;0;0;0;0;8;8;11;11;0;0;0;0;0;0;0;698;4015;523;0;2
17;1701;170106;1;12;3;18;2;0;0;0;0;0;0;0;0;0;0;0;0;0;0;0;0;0;0;0;0;0;0;0;0;0;0;0;0;0;0;0;0;0;0;0;0;0;0;6;6;0;0;6;6;1;0;0;0;0;0;0;614;2184;518;1;0
09;0901;090103;1;11;1;18;2;0;0;0;0;4;4;0;0;0;0;0;0;0;0;0;0;0;0;0;0;0;0;0;0;0;0;0;0;0;0;0;0;0;0;0;0;0;0;0;0;33;33;37;37;4;7;0;0;5;0;4;7022;13131;2488;7;26
17;1701;170112;1;12;3;17;3;0;0;0;0;0;0;0;0;0;0;0;0;0;0;0;0;0;0;0;0;0;0;0;0;0;0;0;0;0;0;0;0;0;0;0;0;0;0;0;0;53;53;53;53;4;6;0;0;0;6;0;12485;19345;5207;16;32
01;0101;010107;1;1;5;18;2;3;3;5;5;1;1;3;3;0;0;0;0;0;0;0;0;3;3;0;0;0;0;1;1;1;1;0;0;0;0;0;0;0;0;0;0;0;0;0;0;0;0;17;17;0;0;0;0;0;0;0;2611;6205;1569;1;8
05;0501;050103;1;12;3;18;2;0;0;0;0;0;0;0;0;9;9;0;0;0;0;0;0;0;0;0;0;0;0;0;0;0;0;0;0;0;0;0;0;0;0;0;0;0;0;0;0;9;9;18;18;0;0;0;0;0;0;0;1372;6570;772;0;0
01;0101;010112;1;1;5;18;2;0;0;9;9;2;2;0;0;5;5;0;0;0;0;0;0;0;0;0;0;0;0;0;0;0;0;0;0;0;0;0;0;0;0;0;0;0;0;0;0;0;0;16;16;3;0;0;0;0;0;0;1447;5840;1166;1;0
07;0710;071001;1;2;1;18;2;3;3;4;4;1;1;2;2;16;16;0;0;0;0;0;0;2;2;1;1;0;0;0;0;1;1;1;1;0;0;0;0;0;0;0;0;0;0;0;0;0;0;31;31;2;4;2;14;2;2;0;10900;11315;2255;55;143
05;0501;050104;1;12;3;18;2;10;10;0;0;0;0;0;0;0;0;0;0;0;0;0;0;0;0;0;0;0;0;0;0;0;0;0;0;0;0;0;0;0;0;0;0;0;0;0;0;0;0;10;10;0;0;0;0;0;0;0;823;3650;472;0;2
09;0901;090113;1;1;5;18;2;0;0;0;0;0;0;0;0;0;0;0;0;0;0;0;0;0;0;0;0;0;0;0;0;0;0;0;0;0;0;0;0;0;0;0;0;0;0;0;0;25;25;25;25;4;0;0;0;0;0;1;2339;10461;2111;1;0
09;0921;092150;1;1;5;18;2;0;0;0;0;0;0;0;0;0;0;0;0;0;0;0;0;0;0;0;0;0;0;0;0;0;0;0;0;0;0;0;0;0;0;0;0;0;0;0;0;15;15;15;15;0;0;0;0;0;0;0;147;5475;59;0;0
11;1101;110103;1;12;3;18;2;0;0;0;0;0;0;0;0;0;0;0;0;0;0;0;0;0;0;0;0;0;0;0;0;0;0;0;0;0;0;0;0;0;0;0;0;0;0;0;0;5;5;5;5;0;0;0;0;0;0;0;27;1830;14;0;0
03;0301;030150;1;1;5;18;2;0;0;0;0;0;0;0;0;1;1;0;0;0;0;0;0;0;0;0;0;0;0;0;0;0;0;0;0;0;0;0;0;0;0;0;0;0;0;0;0;10;10;11;11;2;0;0;0;0;0;0;837;4015;493;2;3
13;1308;130804;1;1;5;18;2;0;0;0;0;0;0;0;0;0;0;0;0;0;0;0;0;0;0;0;0;0;0;0;0;0;0;0;0;0;0;0;0;0;0;0;0;0;0;0;0;8;8;8;8;0;0;0;0;0;0;0;916;1859;905;0;0
01;0101;010107;1;2;1;18;2;0;0;0;0;0;0;0;0;8;8;0;0;0;0;0;0;0;0;0;0;0;0;0;0;0;0;0;0;0;0;0;0;0;0;0;0;0;0;0;0;32;31;40;39;9;5;0;8;0;3;2;4836;14601;1849;6;16
17;1701;170130;1;12;3;18;2;0;0;0;0;0;0;0;0;14;15;0;0;0;0;0;0;0;0;2;1;0;0;0;0;0;0;0;0;0;0;0;0;0;0;0;0;0;0;2;1;18;17;36;34;0;0;0;0;0;0;0;6837;12263;1599;0;10
05;0501;050104;1;12;3;18;2;0;0;0;0;0;0;0;0;2;2;0;0;0;0;0;0;0;0;0;0;0;0;0;0;0;0;0;0;0;0;0;0;0;0;0;0;0;0;0;0;12;12;14;14;0;0;0;0;0;1;0;567;5110;316;0;1
09;0910;091050;1;32;1;18;2;4;4;1;1;0;0;0;0;0;0;0;0;0;0;0;0;0;0;0;0;0;1;0;0;2;1;0;0;0;0;0;0;0;0;0;0;0;0;0;0;0;0;7;7;0;0;0;0;0;0;0;137;2559;137;0;0
17;1701;170117;1;12;3;18;2;0;0;0;0;0;0;0;0;0;0;0;0;0;0;0;0;0;0;0;0;0;0;0;0;0;0;0;0;0;0;0;0;0;0;0;0;0;0;0;0;2;2;2;2;2;0;0;0;0;1;0;60;730;56;0;0
09;0901;090102;1;1;5;18;2;0;0;0;0;0;0;0;0;0;0;0;0;0;0;0;0;0;0;0;0;0;0;0;0;0;0;0;0;0;0;0;0;0;0;0;0;0;0;0;0;11;2;11;2;0;0;0;0;0;0;0;1171;4027;1043;0;0
09;0910;091050;1;1;5;18;2;0;0;0;0;4;2;2;1;0;0;0;0;0;0;0;0;10;5;0;0;0;0;0;0;0;0;0;0;0;0;0;0;0;0;0;0;0;0;0;0;44;22;60;30;3;10;0;0;0;0;0;5527;10894;1938;0;0
07;0701;070102;1;12;3;18;2;0;0;0;0;0;0;0;0;0;0;0;0;0;0;0;0;0;0;0;0;0;0;0;0;0;0;0;0;0;0;0;0;0;0;0;0;0;0;0;0;3;3;3;3;1;0;0;0;0;0;0;119;1095;118;1;0
09;0918;091850;1;32;1;18;2;0;0;0;0;0;0;0;0;0;0;0;0;0;0;0;0;0;0;0;0;0;0;0;0;0;0;0;0;0;0;0;0;0;0;0;0;0;0;0;0;7;7;7;7;1;0;0;0;0;0;0;219;2541;204;1;2
13;1301;130101;1;11;1;18;2;0;0;0;0;0;0;0;0;0;0;0;0;0;0;0;0;0;0;0;0;0;0;0;0;0;0;0;0;0;0;0;0;0;0;0;0;0;0;0;0;0;0;0;0;0;0;0;0;0;0;0;875;10220;600;2;0
17;1701;170124;1;12;3;18;2;0;0;0;0;0;0;0;0;0;0;0;0;0;0;0;0;0;0;0;0;0;0;0;0;0;0;0;0;0;0;0;0;0;0;0;0;0;0;0;0;13;13;13;13;0;5;0;0;0;0;0;1839;4745;475;16;21
03;0301;030102;1;12;3;18;2;6;6;0;0;4;4;1;1;0;0;0;0;0;0;1;1;1;1;0;0;0;0;0;0;2;2;2;2;0;0;0;0;0;0;0;0;0;0;0;0;0;0;17;17;2;0;0;0;0;1;0;1460;6205;852;4;2
17;1701;170112;1;12;3;18;2;0;0;0;0;0;0;0;0;0;0;0;0;0;0;0;0;0;0;0;0;0;0;0;0;0;0;0;0;0;0;0;0;0;0;0;0;0;0;0;0;9;9;9;9;0;0;0;0;0;0;2;577;3285;309;0;1
24;2402;240250;1;1;5;18;2;13;13;3;3;8;8;11;11;5;5;0;0;0;0;0;0;0;0;0;0;0;0;0;0;0;0;0;0;0;0;0;0;0;0;0;0;0;0;0;0;0;0;40;40;0;0;0;0;0;0;0;1281;13425;760;1;1
13;1301;130102;1;1;5;18;2;1;1;2;2;2;2;2;2;0;0;0;0;2;2;0;0;1;1;0;0;0;0;0;0;0;0;0;0;0;0;0;0;0;0;0;0;0;0;0;0;0;0;10;10;3;0;0;0;0;2;0;492;3650;273;2;1
09;0901;090112;1;1;5;18;2;0;0;0;0;0;0;0;0;0;0;0;0;0;0;0;0;0;0;0;0;0;0;0;0;0;0;0;0;0;0;0;0;0;0;0;0;0;0;0;0;14;14;14;14;0;0;0;0;0;0;0;149;5265;83;0;0
07;0701;070101;1;2;1;18;2;0;0;0;0;0;0;5;5;14;14;0;0;0;0;0;0;0;0;2;2;0;0;0;0;0;0;0;0;0;0;0;0;0;0;0;0;0;0;0;0;31;31;52;52;6;6;3;6;4;3;0;13920;18862;3121;10;33
07;0701;070101;1;1;5;18;2;0;0;0;0;0;0;0;0;0;0;0;0;0;0;0;0;0;0;0;0;0;0;0;0;0;0;0;0;0;0;0;0;0;0;0;0;0;0;0;0;6;6;6;6;0;0;0;0;0;0;1;438;2190;390;0;0
09;0901;090105;1;32;1;18;2;0;0;0;0;0;0;0;0;0;0;0;0;0;0;0;0;0;0;0;0;0;0;0;0;0;0;0;0;0;0;0;0;0;0;0;0;0;0;0;0;0;6;0;6;0;1;0;0;0;0;0;118;2190;44;0;0
22;2201;220150;1;12;3;18;2;7;7;7;7;7;7;7;7;0;0;0;0;0;0;0;0;0;0;0;0;0;0;0;0;0;0;0;0;0;0;0;0;0;0;0;0;0;0;0;0;0;0;28;28;0;0;0;0;0;0;0;936;10220;464;0;0
09;0901;090110;1;1;5;18;2;0;0;0;0;0;0;0;0;0;0;0;0;0;0;0;0;0;0;0;0;0;0;0;0;0;0;0;0;0;0;0;0;0;0;0;0;0;0;0;0;22;22;22;22;0;0;0;0;0;0;0;90;8030;46;0;0
09;0901;090114;1;32;1;18;2;0;0;0;0;0;0;0;0;0;0;0;0;0;0;0;0;0;0;0;0;0;0;0;0;0;0;0;0;0;0;0;0;0;0;0;0;0;0;0;0;5;5;5;5;0;0;0;0;0;0;0;14;1845;11;0;0
13;1301;130106;1;1;5;18;2;0;0;0;0;0;0;0;0;0;0;0;0;0;0;0;0;0;0;0;0;0;0;0;0;0;0;0;0;0;0;0;0;0;0;0;0;0;0;0;0;6;6;6;6;0;0;0;0;0;0;0;905;2190;759;0;4
09;0924;092450;1;32;1;18;2;4;4;0;0;0;0;0;0;0;0;0;0;0;0;0;0;0;0;0;0;0;0;0;0;0;0;0;0;0;0;0;0;0;0;0;0;0;0;0;0;4;4;8;8;0;0;0;0;0;0;0;305;2536;250;0;0
13;1309;130902;1;12;3;18;2;0;0;0;0;0;0;0;0;0;0;0;0;0;0;0;0;0;0;0;0;0;0;0;0;0;0;0;0;0;0;0;0;0;0;0;0;0;0;0;0;0;8;0;8;0;0;0;0;0;0;0;384;2920;212;0;0
17;1703;170350;1;12;3;18;2;4;4;2;2;1;2;0;0;1;1;0;0;0;0;0;0;0;0;0;0;0;0;0;0;0;0;0;0;0;0;0;0;0;0;0;0;0;0;0;0;0;0;8;9;0;0;0;0;0;0;0;89;3285;49;0;0
09;0901;090114;1;32;1;18;2;1;1;1;1;2;2;0;0;1;1;0;0;0;0;0;0;0;0;0;0;0;0;0;0;0;0;0;0;0;0;0;0;0;0;0;0;0;0;0;0;3;3;8;8;0;0;0;0;0;2;0;84;3640;69;0;0
09;0908;090850;1;32;1;18;2;0;0;0;0;6;6;0;0;1;1;0;0;0;0;0;0;0;0;0;0;0;0;0;0;0;0;0;0;0;0;0;0;0;0;0;0;0;0;0;0;7;7;14;14;0;0;0;0;0;0;0;307;5096;304;1;0
09;0901;090112;1;1;5;18;2;15;15;0;0;0;0;0;0;0;0;0;0;0;0;0;0;0;0;0;0;0;0;0;0;0;0;0;0;0;0;0;0;0;0;0;0;0;0;0;0;0;0;15;15;3;3;0;0;0;0;0;5704;5475;4035;16;6
17;1701;170102;1;12;3;18;2;0;0;0;0;2;2;0;0;2;2;0;0;0;0;0;0;0;0;0;0;0;0;0;0;0;0;0;0;0;0;0;0;0;0;0;0;0;0;0;0;3;3;7;7;2;2;0;0;0;0;0;162;2555;109;0;0
09;0901;090112;1;32;1;18;2;0;0;0;0;0;0;0;0;0;0;0;0;0;0;0;0;0;0;0;0;0;0;0;0;0;0;0;0;0;0;0;0;0;0;0;0;0;0;0;0;7;7;7;7;0;0;0;0;0;0;0;98;2555;93;0;0
17;1701;170106;1;1;5;17;3;0;0;1;2;4;4;0;0;1;1;0;0;0;0;0;0;0;0;1;1;0;0;0;0;0;0;0;0;0;0;0;0;0;0;0;0;0;0;1;0;0;3;8;11;2;0;0;0;0;1;0;149;3893;97;0;0
01;0101;010101;1;12;3;17;3;0;0;0;0;0;0;0;0;0;0;0;0;0;0;0;0;0;0;0;0;0;0;0;0;0;0;0;0;0;0;0;0;0;0;0;0;0;0;0;0;8;8;8;8;0;0;0;0;0;3;0;113;2768;113;0;0
01;0101;010103;1;1;5;17;3;2;2;2;2;14;14;10;10;8;8;0;0;0;0;0;0;0;0;0;0;0;0;0;0;0;0;0;0;0;0;0;0;0;0;0;0;0;0;0;0;0;0;36;36;0;2;0;4;0;3;0;10283;15342;2875;3;22
17;1701;170115;1;12;3;18;2;0;0;0;0;0;0;0;0;0;0;0;0;0;0;0;0;0;0;0;0;0;0;0;0;0;0;0;0;0;0;0;0;0;0;0;0;0;0;24;24;0;0;24;24;0;0;0;0;0;0;0;2792;8760;153;22;83
13;1308;130803;1;1;5;3;1;0;0;0;0;0;0;0;0;0;0;0;0;0;0;0;0;0;0;0;0;0;0;0;0;0;0;0;0;0;0;0;0;0;0;0;0;0;0;0;0;16;16;16;16;0;0;0;0;0;0;0;659;5824;324;0;0
11;1101;110101;1;1;5;3;1;20;20;7;7;4;4;4;4;0;0;0;0;0;0;0;0;5;5;0;0;0;0;0;0;0;0;0;0;0;0;0;0;0;0;0;0;0;0;0;0;0;0;40;40;0;0;0;0;0;0;0;1380;14600;488;0;2
18;1801;180109;1;1;5;18;2;0;0;0;0;0;0;0;0;0;0;0;0;0;0;0;0;0;0;0;0;0;0;0;0;0;0;0;0;0;0;0;0;0;0;0;0;0;0;0;0;20;20;20;20;0;0;0;0;0;0;0;2685;7300;1271;2;3
24;2401;240156;2;1;5;6;1;10;10;9;9;14;14;6;6;0;0;0;0;0;0;0;0;3;3;0;0;1;1;1;1;1;1;0;0;0;0;0;0;0;0;0;0;0;0;0;0;0;0;45;45;0;0;0;0;0;0;0;8985;16390;2458;1;7
06;0601;060101;1;1;5;18;2;0;0;0;0;0;0;0;0;0;0;0;0;0;0;0;0;0;0;0;0;0;0;0;0;0;0;0;0;0;0;0;0;0;0;0;0;0;0;0;0;28;28;28;28;3;2;0;0;1;3;0;3500;10220;918;7;15
11;1101;110104;1;1;5;18;2;0;0;0;0;0;0;1;1;1;1;0;0;0;0;0;0;0;0;0;0;0;0;0;0;0;0;0;0;0;0;0;0;0;0;0;0;0;0;0;0;0;6;2;8;1;1;0;0;0;1;0;533;2920;335;0;2
05;0501;050104;1;1;5;3;1;0;0;0;0;0;0;0;0;0;0;0;0;0;0;0;0;0;0;0;0;0;0;0;0;0;0;0;0;0;0;0;0;0;0;0;0;0;0;0;0;11;11;11;11;0;0;0;0;0;0;0;668;4015;304;0;0
18;1801;180107;1;1;5;18;2;9;9;0;0;0;0;2;2;0;0;0;0;0;0;0;0;0;0;0;0;0;0;0;0;0;0;0;0;0;0;0;0;0;0;0;0;0;0;0;0;0;0;11;11;0;0;0;0;0;0;0;867;4015;521;0;0
13;1303;130301;1;1;5;6;1;12;11;11;11;4;4;1;1;0;0;1;1;0;0;0;0;4;4;0;0;0;0;0;0;2;2;3;3;0;0;0;0;1;1;0;0;0;0;0;0;0;0;39;38;9;0;0;0;0;0;0;7555;12817;1851;1;26
09;0901;090112;1;1;5;18;2;0;0;0;0;0;0;0;0;0;0;0;0;0;0;0;0;0;0;0;0;0;0;0;0;0;0;0;0;0;0;0;0;0;0;0;0;0;0;0;0;38;19;38;19;0;0;0;0;0;0;0;107;7068;61;0;0
07;0709;070903;1;1;5;18;2;3;3;1;1;1;1;1;1;0;0;0;0;0;0;0;0;6;6;0;0;0;0;0;0;0;0;0;0;0;0;0;0;0;0;0;0;0;0;0;0;2;2;14;14;2;0;0;0;2;0;0;1294;5110;672;2;6
23;2301;230150;1;1;5;18;2;2;2;5;5;4;4;2;2;0;0;0;0;0;0;0;0;0;0;1;1;0;0;0;0;1;1;0;0;0;0;0;0;0;0;0;0;0;0;0;0;0;0;15;15;0;0;0;0;0;0;0;1089;4477;631;2;2
13;1303;130301;1;1;5;18;2;0;0;0;0;0;0;0;0;0;0;0;0;0;0;0;0;0;0;0;0;0;0;0;0;0;0;0;0;0;0;0;0;0;0;0;0;0;0;0;0;0;9;0;9;0;0;0;0;0;0;0;1281;3285;841;1;1
18;1801;180101;1;1;5;18;2;3;3;2;2;1;1;2;2;2;2;1;1;1;1;1;1;6;6;1;1;0;0;1;1;2;2;1;1;1;1;1;1;1;1;1;1;0;0;2;2;0;0;30;30;4;3;1;1;1;3;2;980;10950;384;1;3
11;1110;111050;1;1;5;1;1;6;6;0;0;7;7;2;2;0;0;0;0;0;0;0;0;0;0;0;0;0;0;0;0;0;0;0;0;0;0;0;0;0;0;0;0;0;0;0;0;0;0;15;15;1;0;0;0;0;0;0;2097;5475;912;2;1
06;0602;060250;1;1;5;1;1;22;13;24;7;10;7;14;7;0;0;0;0;0;0;0;0;0;0;0;0;0;0;0;0;0;0;0;0;0;0;0;0;0;0;0;0;0;0;0;0;0;0;70;34;3;0;0;0;0;0;0;5128;12080;1589;6;3
11;1106;110650;1;1;5;1;1;5;5;3;3;3;3;4;4;0;0;0;0;0;0;0;0;0;0;0;0;0;0;0;0;0;0;0;0;0;0;0;0;0;0;0;0;0;0;0;0;0;0;15;15;2;0;0;0;0;0;0;1884;5475;676;1;0
07;0702;070250;1;1;5;1;1;6;6;2;2;7;7;3;3;0;0;0;0;0;0;0;0;0;0;0;0;0;0;0;0;0;0;0;0;0;0;0;0;0;0;0;0;0;0;0;0;0;0;18;18;2;0;0;0;0;2;0;3672;6570;1398;3;5
10;1002;100250;1;1;5;1;1;4;3;2;3;6;5;3;2;0;0;0;0;0;0;0;0;0;0;0;0;0;0;0;0;0;0;0;0;0;0;0;0;0;0;0;0;0;0;0;0;0;0;15;13;4;0;0;0;0;0;0;2368;4428;896;0;1
12;1202;120250;1;1;5;1;1;9;9;3;3;8;8;3;3;0;0;0;0;0;0;0;0;0;0;0;0;0;0;0;0;0;0;0;0;0;0;0;0;0;0;0;0;0;0;0;0;0;0;23;23;2;0;0;0;0;2;3;4533;8648;1499;2;6
09;0904;090450;1;1;5;1;1;5;5;5;5;6;6;4;4;0;0;0;0;0;0;0;0;0;0;0;0;0;0;0;0;0;0;0;0;0;0;0;0;0;0;0;0;0;0;0;0;0;0;20;20;5;0;0;0;0;0;2;3497;7320;1648;4;6
13;1302;130250;1;1;5;1;1;13;13;3;3;11;11;13;13;0;0;0;0;0;0;0;0;0;0;0;0;0;0;0;0;0;0;0;0;0;0;0;0;0;0;0;0;0;0;0;0;0;0;40;40;10;0;0;0;0;3;3;8523;14600;3212;12;5
11;1102;110250;1;1;5;1;1;6;6;2;2;10;10;2;2;0;0;0;0;0;0;0;0;0;0;0;0;0;0;0;0;0;0;0;0;0;0;0;0;0;0;0;0;0;0;0;0;0;0;20;20;3;1;0;0;1;0;0;2585;7300;1077;3;8
17;1702;170202;1;1;5;1;1;4;4;5;5;9;9;7;7;0;0;0;0;0;0;0;0;0;0;0;0;0;0;0;0;0;0;0;0;0;0;0;0;0;0;0;0;0;0;0;0;0;0;25;25;12;0;0;0;0;0;0;7589;10825;2560;1;5
06;0603;060350;1;1;5;1;1;10;10;5;5;6;6;4;4;0;0;0;0;0;0;0;0;0;0;0;0;0;0;0;0;0;0;0;0;0;0;0;0;0;0;0;0;0;0;0;0;0;0;25;25;3;0;0;0;0;0;0;2711;9125;858;2;0
10;1003;100350;1;1;5;1;1;6;6;6;6;7;7;4;4;0;0;0;0;0;0;0;0;0;0;0;0;0;0;0;0;0;0;0;0;0;0;0;0;0;0;0;0;0;0;0;0;0;0;23;23;3;0;0;0;2;0;4;3482;8395;1255;3;5
09;0906;090601;1;1;5;1;1;8;8;3;3;6;6;4;4;0;0;0;0;0;0;0;0;0;0;0;0;0;0;0;0;0;0;0;0;0;0;0;0;0;0;0;0;0;0;0;0;0;0;21;21;9;0;0;0;1;0;2;6706;7577;3023;0;3
13;1304;130401;1;1;5;1;1;3;2;2;1;7;6;3;3;0;0;0;0;0;0;0;0;0;0;0;0;0;0;0;0;0;0;0;0;0;0;0;0;0;0;0;0;0;0;0;0;0;0;15;12;4;0;0;0;0;2;3;1758;2349;978;0;0
05;0503;050350;1;1;5;1;1;8;8;0;0;4;4;3;3;0;0;0;0;0;0;0;0;0;0;0;0;0;0;0;0;0;0;0;0;0;0;0;0;0;0;0;0;0;0;0;0;0;0;15;15;2;0;0;0;0;0;2;1848;5475;776;1;1
09;0908;090850;1;1;5;1;1;8;8;6;6;10;10;6;6;0;0;0;0;0;0;0;0;0;0;0;0;0;0;0;0;0;0;0;0;0;0;0;0;0;0;0;0;0;0;0;0;0;0;30;30;17;0;0;0;0;0;0;4930;10950;1910;2;5
07;0706;070650;1;1;5;1;1;8;8;4;4;11;11;10;10;0;0;0;0;0;0;0;0;0;0;0;0;0;0;0;0;0;0;0;0;0;0;0;0;0;0;0;0;0;0;0;0;0;0;33;33;3;0;0;0;0;0;0;4704;12045;1758;2;3
09;0909;090950;1;1;5;1;1;4;4;5;5;7;7;4;4;0;0;0;0;0;0;0;0;0;0;0;0;0;0;0;0;0;0;0;0;0;0;0;0;0;0;0;0;0;0;0;0;0;0;20;20;6;0;0;0;0;0;0;3978;7506;1349;0;7
01;0102;010250;1;1;5;1;1;6;6;3;3;3;3;3;3;0;0;0;0;0;0;0;0;0;0;0;0;0;0;0;0;0;0;0;0;0;0;0;0;0;0;0;0;0;0;0;0;0;0;15;15;2;0;0;0;0;0;0;4596;6644;1631;13;12
14;1402;140201;1;1;5;1;1;8;8;2;2;4;4;4;4;0;0;0;0;0;0;0;0;0;0;0;0;0;0;0;0;0;0;0;0;0;0;0;0;0;0;0;0;0;0;0;0;0;0;18;18;3;0;0;0;0;0;0;8119;11075;2537;8;16
06;0606;060650;1;1;5;1;1;4;4;2;2;5;5;4;4;0;0;0;0;0;0;0;0;0;0;0;0;0;0;0;0;0;0;0;0;0;0;0;0;0;0;0;0;0;0;0;0;0;0;15;15;4;0;0;0;0;0;0;2671;5476;910;1;0
07;0707;070750;1;1;5;1;1;9;9;10;10;12;12;9;9;0;0;0;0;0;0;0;0;0;0;0;0;0;0;0;0;0;0;0;0;0;0;0;0;0;0;0;0;0;0;0;0;0;0;40;40;9;0;0;0;0;5;0;7119;14600;2504;2;12
13;1301;130108;1;32;1;18;2;0;0;2;2;2;2;2;2;0;0;0;0;0;0;0;0;0;0;0;0;0;0;0;0;0;0;0;0;0;0;0;0;0;0;0;0;0;0;0;0;0;0;6;6;2;0;0;0;0;0;2;611;2184;343;0;2
13;1306;130602;1;1;5;1;1;12;12;12;11;15;16;11;11;0;0;0;0;0;0;0;0;0;0;0;0;0;0;0;0;0;0;0;0;0;0;0;0;0;0;0;0;0;0;0;0;0;0;50;50;8;0;0;0;1;0;0;12707;18226;3690;1;9
03;0304;030450;1;1;5;1;1;7;7;7;7;12;12;6;6;0;0;0;0;0;0;0;0;0;0;0;0;0;0;0;0;0;0;0;0;0;0;0;0;0;0;0;0;0;0;0;0;0;0;32;32;4;0;0;0;0;0;0;9827;11591;3329;11;19
18;1801;180109;1;1;5;18;2;6;6;6;6;6;6;0;0;1;1;0;0;0;0;0;0;1;1;0;0;0;0;1;1;1;1;6;6;0;0;0;0;0;0;0;0;0;0;0;0;0;0;28;28;0;0;0;0;0;0;0;165;10220;127;0;0
14;1403;140350;1;1;5;1;1;8;8;3;3;8;8;6;6;0;0;0;0;0;0;0;0;0;0;0;0;0;0;0;0;0;0;0;0;0;0;0;0;0;0;0;0;0;0;0;0;0;0;25;25;0;0;0;0;0;0;6;5116;8720;1749;2;0
17;1701;170169;2;1;5;1;1;4;4;0;0;7;7;4;4;0;0;0;0;0;0;0;0;0;0;0;0;0;0;0;0;0;0;0;0;0;0;0;0;0;0;0;0;0;0;0;0;0;0;15;15;2;0;0;0;0;0;0;1936;5467;607;1;2
09;0912;091250;1;1;5;1;1;4;4;3;3;5;5;3;3;0;0;0;0;0;0;0;0;0;0;0;0;0;0;0;0;0;0;0;0;0;0;0;0;0;0;0;0;0;0;0;0;0;0;15;15;5;0;0;0;0;0;1;2368;5441;845;4;4
22;2202;220250;1;1;5;16;1;14;14;2;2;2;2;3;3;0;0;0;0;0;0;0;0;0;0;0;0;0;0;0;0;0;0;0;0;0;0;0;0;0;0;0;0;0;0;0;0;0;0;21;21;0;0;0;0;0;0;9;429;7603;147;1;1
10;1004;100401;1;1;5;1;1;21;21;19;19;20;20;23;19;0;0;0;0;0;0;0;0;0;0;0;0;0;0;0;0;0;0;0;0;0;0;0;0;0;0;0;0;0;0;0;0;0;0;83;79;8;0;0;0;0;0;0;14554;28893;4900;6;9
07;0709;070950;1;1;5;1;1;14;14;14;14;21;21;10;10;6;6;0;0;0;0;0;0;0;0;0;0;0;0;0;0;0;0;0;0;0;0;0;0;0;0;0;0;0;0;0;0;0;0;65;65;6;0;0;0;0;0;2;13205;23725;3374;8;39
01;0105;010550;1;1;5;1;1;10;11;8;7;8;7;4;4;0;0;0;0;0;0;0;0;0;0;0;0;0;0;0;0;0;0;0;0;0;0;0;0;0;0;0;0;0;0;0;0;0;0;30;29;0;0;0;0;0;0;0;7270;9830;2201;2;8
18;1807;180701;1;1;5;1;1;4;4;4;4;9;9;2;2;0;0;0;0;0;0;0;0;0;0;0;0;0;0;0;0;0;0;0;0;0;0;0;0;0;0;0;0;0;0;0;0;0;0;19;19;7;0;0;0;0;0;0;4884;6935;1705;1;8
13;1311;131150;1;1;5;1;1;12;12;8;8;8;8;4;4;0;0;0;0;0;0;0;0;0;0;0;0;0;0;0;0;0;0;0;0;0;0;0;0;0;0;0;0;0;0;0;0;0;0;32;32;4;0;0;0;0;0;8;3667;11680;1358;1;1
07;0710;071050;1;1;5;1;1;6;6;4;4;6;6;3;3;0;0;0;0;0;0;0;0;0;0;0;0;0;0;0;0;0;0;0;0;0;0;0;0;0;0;0;0;0;0;0;0;0;0;19;19;3;0;0;0;0;0;0;3820;6920;1384;3;5
09;0921;092150;1;1;5;1;1;3;3;2;2;6;6;4;4;0;0;0;0;0;0;0;0;0;0;0;0;0;0;0;0;0;0;0;0;0;0;0;0;0;0;0;0;0;0;0;0;0;0;15;15;7;0;0;0;0;0;0;3655;5800;1695;4;2
05;0504;050450;1;1;5;1;1;5;5;0;0;5;5;5;5;0;0;0;0;0;0;0;0;0;0;0;0;0;0;0;0;0;0;0;0;0;0;0;0;0;0;0;0;0;0;0;0;0;0;15;15;2;0;0;0;0;0;0;2963;5475;1256;0;1
24;2403;240303;1;1;5;1;1;3;3;4;4;6;6;2;2;0;0;0;0;0;0;0;0;0;0;0;0;0;0;0;0;0;0;0;0;0;0;0;0;0;0;0;0;0;0;0;0;0;0;15;15;4;0;0;0;0;0;0;4783;5484;2282;0;1
09;0919;091950;1;1;5;1;1;8;8;2;2;6;6;4;4;0;0;0;0;0;0;0;0;0;0;0;0;0;0;0;0;0;0;0;0;0;0;0;0;0;0;0;0;0;0;0;0;0;0;20;20;5;0;0;0;0;0;0;3241;7300;1068;3;2
04;0405;040550;1;1;5;1;1;5;5;4;5;11;9;5;4;0;0;0;0;0;0;0;0;0;0;0;0;0;0;0;0;0;0;0;0;0;0;0;0;0;0;0;0;0;0;0;0;0;0;25;23;10;2;0;0;0;0;0;3280;7960;1217;0;1
08;0805;080550;1;1;5;1;1;13;12;12;12;15;16;28;16;0;0;0;0;0;0;0;0;0;0;0;0;0;0;0;0;0;0;0;0;0;0;0;0;0;0;0;0;0;0;0;0;0;0;68;56;10;0;0;0;0;0;2;8386;20643;2733;7;4
02;0205;020550;1;1;5;1;1;5;5;2;2;5;5;3;3;0;0;0;0;0;0;0;0;0;0;0;0;0;0;0;0;0;0;0;0;0;0;0;0;0;0;0;0;0;0;0;0;0;0;15;15;3;0;0;0;0;0;5;2792;4580;956;1;1
20;2003;200350;1;1;5;1;1;4;4;4;4;4;4;3;3;0;0;0;0;0;0;0;0;0;0;0;0;0;0;0;0;0;0;0;0;0;0;0;0;0;0;0;0;0;0;0;0;0;0;15;15;5;0;0;0;1;0;3;3022;5597;1163;5;8
07;0712;071250;1;1;5;1;1;26;26;14;14;0;0;10;10;0;0;0;0;0;0;0;0;0;0;0;0;0;0;0;0;0;0;0;0;0;0;0;0;0;0;0;0;0;0;0;0;0;0;50;50;6;0;0;0;0;0;0;9033;16223;1992;14;24
11;1111;111150;1;1;5;1;1;6;6;3;3;3;3;3;3;0;0;0;0;0;0;0;0;0;0;0;0;0;0;0;0;0;0;0;0;0;0;0;0;0;0;0;0;0;0;0;0;0;0;15;15;3;0;0;0;0;0;0;1591;5475;621;4;2
01;0109;010950;1;1;5;1;1;8;8;2;2;3;3;5;5;0;0;0;0;0;0;0;0;0;0;0;0;0;0;0;0;0;0;0;0;0;0;0;0;0;0;0;0;0;0;0;0;0;0;18;18;6;0;0;0;0;0;0;5708;5509;1775;6;12
12;1207;120750;1;1;5;1;1;7;7;3;3;7;7;3;3;0;0;0;0;0;0;0;0;0;0;0;0;0;0;0;0;0;0;0;0;0;0;0;0;0;0;0;0;0;0;0;0;0;0;20;20;7;0;0;0;1;0;0;4993;7607;2163;7;4
11;1101;110161;2;1;5;1;1;6;4;3;4;3;5;3;3;0;0;0;0;0;0;0;0;0;0;0;0;0;0;0;0;0;0;0;0;0;0;0;0;0;0;0;0;0;0;0;0;0;0;15;16;2;0;0;0;0;0;0;3163;5475;1287;1;3
12;1208;120850;1;1;5;1;1;16;16;4;4;22;22;9;9;0;0;0;0;0;0;0;0;0;0;0;0;0;0;0;0;0;0;0;0;0;0;0;0;0;0;0;0;0;0;0;0;0;0;51;51;7;0;0;0;3;3;0;8609;18615;2800;2;1
09;0920;092050;1;1;5;1;1;3;3;3;3;6;6;3;3;0;0;0;0;0;0;0;0;0;0;0;0;0;0;0;0;0;0;0;0;0;0;0;0;0;0;0;0;0;0;0;0;0;0;15;15;5;0;0;0;0;0;1;3540;5535;1436;2;2
19;1905;190550;1;1;5;1;1;18;18;10;10;14;14;12;12;0;0;0;0;0;0;0;0;0;0;0;0;0;0;0;0;0;0;0;0;0;0;0;0;0;0;0;0;0;0;0;0;0;0;54;54;7;0;0;0;0;7;12;11031;19710;3813;4;8
17;1701;170185;2;1;5;1;1;8;7;6;6;14;14;8;11;0;0;0;0;0;0;0;0;0;0;0;0;0;0;0;0;0;0;0;0;0;0;0;0;0;0;0;0;0;0;0;0;0;0;36;38;36;0;0;0;0;0;0;10201;13626;4110;3;7
19;1902;190250;1;1;5;1;1;6;6;3;3;3;3;3;3;0;0;0;0;0;0;0;0;0;0;0;0;0;0;0;0;0;0;0;0;0;0;0;0;0;0;0;0;0;0;0;0;0;0;15;15;3;0;0;0;0;2;2;3118;5475;1004;1;0
13;1308;130850;1;12;3;18;2;2;2;6;6;6;6;2;2;2;2;0;0;0;0;0;0;0;0;0;0;0;0;0;0;0;0;0;0;0;0;0;0;0;0;0;0;0;0;0;0;0;0;18;18;2;0;0;0;0;2;1;1384;6552;620;0;0
18;1801;180105;1;1;5;18;2;0;0;0;0;0;0;0;0;0;0;0;0;0;0;0;0;0;0;0;0;0;0;0;0;0;0;0;0;0;0;0;0;0;0;0;0;0;0;0;0;13;13;13;13;4;2;0;0;2;3;0;939;4745;496;2;3
02;0202;020250;1;1;5;1;1;6;6;3;3;3;3;3;3;0;0;0;0;0;0;0;0;0;0;0;0;0;0;0;0;0;0;0;0;0;0;0;0;0;0;0;0;0;0;0;0;0;0;15;15;0;0;0;0;0;0;0;2561;3809;999;2;1
24;2403;240303;1;1;5;3;1;5;5;3;3;2;2;2;2;0;0;0;0;0;0;0;0;4;4;0;0;2;2;0;0;0;0;0;0;0;0;0;0;0;0;0;0;0;0;0;0;0;0;18;18;0;0;0;0;0;0;0;213;7238;142;0;0
02;0201;020150;1;1;5;6;1;7;7;10;9;7;7;3;3;0;0;0;0;0;0;0;0;0;1;0;0;0;0;0;0;0;0;0;0;0;0;0;0;0;0;0;0;0;0;0;0;0;0;27;27;8;0;0;0;0;0;0;5338;9855;1527;1;9
08;0801;080104;1;1;5;3;1;6;6;4;4;0;0;6;6;0;0;0;0;0;0;0;0;4;4;0;0;0;0;0;0;0;0;0;0;0;0;0;0;0;0;0;0;0;0;0;0;0;0;20;20;0;0;0;0;0;0;0;970;7300;249;1;0
22;2201;220150;1;1;5;3;1;8;8;4;4;3;3;3;3;0;0;0;0;0;0;0;0;8;8;0;0;0;0;0;0;0;0;0;0;0;0;0;0;0;0;0;0;0;0;0;0;0;0;26;26;0;0;0;0;0;0;0;181;9490;39;0;0
12;1205;120502;1;1;5;18;2;1;1;2;2;10;6;3;3;0;0;0;0;0;0;0;0;0;0;0;0;0;0;0;0;0;0;0;0;0;0;0;0;0;0;0;0;0;0;0;0;0;0;16;12;3;0;0;0;0;0;0;427;5840;425;0;0
05;0501;050102;1;1;5;6;1;18;18;13;13;14;14;14;14;8;8;5;5;0;0;2;2;13;13;0;0;0;0;1;1;2;2;4;4;0;0;1;1;0;0;0;0;0;0;2;2;0;0;97;97;16;4;0;0;0;0;0;23511;35313;6049;16;47
23;2301;230102;1;1;5;18;2;3;3;3;3;3;3;1;1;2;2;0;0;0;0;0;0;0;0;0;0;0;0;0;0;0;0;0;0;0;0;0;0;0;0;0;0;0;0;0;0;0;0;12;12;0;0;0;0;0;0;0;13;4380;6;0;0
18;1801;180109;1;1;5;18;2;0;0;0;0;0;0;0;0;0;0;0;0;0;0;0;0;0;0;0;0;0;0;0;0;0;0;0;0;0;0;0;0;0;0;0;0;0;0;0;0;10;10;10;10;1;0;0;0;1;2;1;222;3650;123;0;0
07;0707;070701;1;1;5;18;2;0;0;1;1;5;5;0;0;0;0;0;0;0;0;0;0;0;0;0;0;0;0;0;0;0;0;0;0;0;0;0;0;0;0;0;0;0;0;0;0;0;0;6;6;1;0;0;0;0;0;0;282;2190;141;0;0
13;1312;131250;1;1;5;1;1;4;4;3;3;4;4;4;4;0;0;0;0;0;0;0;0;0;0;0;0;0;0;0;0;0;0;0;0;0;0;0;0;0;0;0;0;0;0;0;0;0;0;15;15;5;0;0;0;0;0;0;3256;5475;1230;3;1
13;1303;130302;1;1;5;17;3;6;6;4;4;4;4;2;2;0;0;0;0;0;0;0;0;0;0;0;0;0;0;0;0;1;1;0;0;0;0;0;0;0;0;0;0;0;0;0;0;0;0;17;17;0;0;0;0;0;0;0;216;6237;145;0;0
12;1210;121050;1;1;5;18;2;4;4;4;4;5;5;3;3;3;3;0;0;0;0;0;0;3;3;0;0;0;0;0;0;0;2;0;0;0;0;0;0;0;0;0;0;0;0;0;0;4;4;26;28;3;0;0;0;0;0;2;1399;10300;1037;0;0
05;0502;050202;1;1;5;18;2;8;8;1;1;4;4;2;2;3;3;0;0;0;0;0;0;1;1;0;0;0;0;0;0;0;0;0;0;0;0;0;0;0;0;0;0;0;0;0;0;0;0;19;19;0;0;0;0;0;0;0;384;6935;204;2;0
05;0505;050550;1;1;5;18;2;0;0;0;0;0;0;0;0;0;0;0;0;0;0;0;0;0;0;0;0;0;0;0;0;0;0;0;0;0;0;0;0;0;0;0;0;0;0;0;0;8;8;8;8;0;0;0;0;0;0;0;324;2920;204;0;0
12;1205;120501;1;1;5;18;2;8;8;2;2;2;2;2;2;3;3;0;0;0;0;0;0;0;0;0;0;0;0;0;0;0;0;0;0;0;0;0;0;0;0;0;0;0;0;0;0;0;0;17;17;0;0;0;0;0;0;0;1317;6205;537;0;1
18;1801;180105;1;1;5;18;2;1;1;2;2;1;1;1;1;2;2;1;1;1;1;1;1;1;1;1;1;1;1;1;1;1;1;1;1;0;0;0;0;0;0;0;0;0;0;0;0;0;0;16;16;2;1;1;1;0;0;2;944;5840;494;0;0
06;0601;060101;1;1;5;18;2;0;0;0;0;0;0;0;0;0;0;0;0;0;0;0;0;0;0;0;0;0;0;0;0;0;0;0;0;0;0;0;0;0;0;0;0;0;0;0;0;8;8;8;8;0;0;0;0;0;0;0;1163;2920;682;3;3
18;1801;180163;2;1;5;18;2;0;0;0;0;0;0;0;0;0;0;0;0;0;0;0;0;0;0;0;0;0;0;0;0;0;0;0;0;0;0;0;0;0;0;0;0;0;0;0;0;14;14;14;14;1;0;0;0;0;1;0;472;5110;238;0;0
18;1801;180109;1;1;5;18;2;0;0;0;0;8;8;0;0;0;0;0;0;0;0;0;0;0;0;0;0;0;0;0;0;0;0;0;0;0;0;0;0;0;0;0;0;0;0;0;0;0;0;8;8;0;0;0;0;0;0;0;706;2920;389;0;0
23;2301;230102;1;1;5;18;2;1;1;4;4;4;4;6;6;4;4;0;0;0;0;0;0;0;0;0;0;0;0;0;0;0;0;0;0;0;0;0;0;0;0;0;0;0;0;0;0;0;0;19;19;1;0;0;0;0;0;0;15;1459;8;0;0
02;0201;020102;1;32;1;18;2;0;0;0;0;2;2;0;0;0;0;0;0;0;0;0;0;0;0;0;0;0;0;0;0;0;0;0;0;0;0;0;0;0;0;0;0;0;0;0;0;4;4;6;6;0;0;0;0;0;0;0;278;2196;154;1;0
18;1801;180109;1;1;5;18;2;3;3;5;5;2;2;1;1;2;2;0;0;0;0;0;0;0;0;0;0;0;0;0;0;0;0;0;0;0;0;0;0;0;0;0;0;0;0;0;0;0;0;13;13;1;1;0;1;0;0;0;705;4745;527;1;0
09;0910;091050;1;1;5;18;2;0;0;0;0;3;3;5;5;4;4;0;0;0;0;0;0;0;0;0;0;0;0;0;0;0;0;0;0;0;0;0;0;0;0;0;0;0;0;0;0;19;19;31;31;3;2;0;0;0;3;0;2305;11284;1097;0;0
12;1205;120501;1;1;5;18;2;0;0;0;0;0;0;0;0;3;3;0;0;0;0;0;0;0;0;0;0;0;0;0;0;0;0;0;0;0;0;0;0;0;0;0;0;0;0;0;0;7;7;10;10;2;2;0;0;0;0;0;193;3650;163;1;0
18;1801;180107;1;1;5;18;2;0;0;0;0;0;0;2;2;6;6;0;0;0;0;0;0;0;0;0;0;0;0;0;0;0;0;0;0;0;0;0;0;0;0;0;0;0;0;0;0;22;22;30;30;0;3;0;2;0;2;0;1980;10950;1056;2;2
01;0101;010105;1;2;1;18;2;0;0;0;0;0;0;0;0;0;0;0;0;0;0;0;0;0;0;0;0;0;0;0;0;0;0;0;0;0;0;0;0;0;0;0;0;0;0;0;0;13;13;13;13;2;0;0;0;0;2;2;1205;4745;455;2;6
09;0901;090112;1;2;1;18;2;49;49;0;0;11;11;36;36;0;0;0;0;0;0;0;0;0;0;5;5;0;0;0;0;0;0;0;0;0;0;0;0;0;0;0;0;0;0;0;0;0;0;101;101;0;0;0;0;0;0;0;11720;36865;3536;8;38
11;1101;110101;1;2;1;18;2;0;0;0;0;0;0;0;0;2;2;0;0;0;0;0;0;0;0;0;0;0;0;0;0;0;0;0;0;0;0;0;0;0;0;0;0;0;0;0;0;27;27;29;29;5;3;0;0;0;0;0;6088;10585;2442;5;13
17;1701;170129;1;1;5;18;2;0;0;0;0;0;0;0;0;0;0;0;0;0;0;0;0;0;0;0;0;0;0;0;0;0;0;0;0;0;0;0;0;0;0;0;0;0;0;0;0;7;7;7;7;4;0;0;0;0;1;0;499;2555;251;0;1
17;1701;170106;1;10;2;1;1;0;0;0;0;0;0;0;0;0;0;0;0;0;0;0;0;0;0;0;0;0;0;0;0;0;0;0;0;0;0;0;0;0;0;0;0;0;0;51;46;0;0;51;46;0;0;0;0;0;0;0;14667;16867;1534;97;214
09;0901;090104;1;11;1;1;1;54;53;22;21;6;6;0;0;0;0;22;24;0;0;6;3;23;23;4;4;0;0;0;0;6;6;20;19;0;0;12;12;12;12;12;12;12;13;39;39;0;0;250;247;31;21;0;0;12;0;20;91993;90060;9685;152;804
17;1701;170113;1;11;1;1;1;37;33;33;29;9;10;0;0;0;0;16;16;20;20;0;0;57;51;0;0;12;12;9;9;18;18;18;18;18;16;46;43;0;0;25;25;12;12;95;92;0;0;425;404;36;23;0;0;14;0;17;113386;147023;14267;23;240
17;1701;170113;1;11;1;3;1;0;0;0;0;0;0;0;0;0;0;0;0;0;0;0;0;0;0;0;0;0;0;0;0;0;0;0;0;0;0;0;0;0;0;0;0;0;0;0;0;224;189;224;189;9;10;0;6;0;18;0;48554;69079;8777;38;161
09;0901;090114;1;11;1;6;1;11;10;40;30;31;31;0;0;48;48;31;28;14;12;15;14;31;25;4;5;7;7;9;9;15;14;28;27;0;0;0;0;0;0;0;0;0;0;26;22;0;0;310;282;56;45;0;0;0;0;6;116306;143828;18913;23;178
09;0901;090112;1;2;1;13;3;0;0;0;0;123;102;0;0;0;0;0;0;0;0;0;0;0;0;0;0;0;0;0;0;0;0;0;0;0;0;0;0;0;0;0;0;0;0;0;0;0;0;123;102;8;9;0;0;0;26;0;40001;37395;10879;3;3
12;1201;120101;1;32;1;18;2;0;0;0;0;0;0;0;0;0;0;0;0;0;0;0;0;0;0;0;0;0;0;0;0;0;0;0;0;0;0;0;0;0;0;0;0;0;0;0;0;10;10;10;10;2;0;0;0;0;0;0;134;3380;123;0;0
12;1210;121050;1;32;1;18;2;0;0;7;7;6;6;0;0;1;1;0;0;0;0;0;0;0;0;0;0;0;0;0;0;0;0;0;0;0;0;0;0;0;0;0;0;0;0;0;0;3;3;17;17;2;0;0;0;1;0;0;326;6205;277;0;0
09;0908;090850;1;32;1;18;2;2;2;2;3;2;3;2;1;2;1;0;0;0;0;0;0;0;0;0;0;0;0;0;0;0;0;0;0;0;0;0;0;0;0;0;0;0;0;0;0;0;0;10;10;0;0;0;0;0;0;0;135;3284;130;0;0
12;1207;120750;1;32;1;18;2;0;0;0;0;0;0;0;0;1;1;0;0;0;0;0;0;0;0;0;0;0;0;0;0;0;0;0;0;0;0;0;0;0;0;0;0;0;0;0;0;8;8;9;9;0;0;0;0;0;0;0;51;3285;49;0;0
12;1210;121050;1;32;1;18;2;0;0;0;0;0;0;0;0;1;1;0;0;0;0;0;0;0;0;0;0;0;0;0;0;0;0;0;0;0;0;0;0;0;0;0;0;0;0;0;0;16;16;17;17;2;0;0;0;0;0;0;578;6239;505;2;0
12;1205;120504;1;32;1;18;2;0;0;0;0;0;0;0;0;0;0;0;0;0;0;0;0;0;0;0;0;0;0;0;0;0;0;0;0;0;0;0;0;0;0;0;0;0;0;0;0;12;12;12;12;0;0;0;0;0;0;0;14;4380;14;0;0
12;1210;121050;1;32;1;18;2;7;7;1;1;2;2;0;0;1;1;0;0;0;0;0;0;0;0;0;0;0;0;0;0;0;0;0;0;0;0;0;0;0;0;0;0;0;0;0;0;0;0;11;11;2;1;0;0;0;0;0;53;1619;45;0;0
12;1210;121050;1;32;1;18;2;0;0;0;0;2;2;0;0;1;1;0;0;0;0;0;0;0;0;0;0;0;0;0;0;0;0;0;0;0;0;0;0;0;0;0;0;0;0;0;0;9;9;12;12;0;0;0;0;0;0;0;54;4380;35;1;0
12;1208;120802;1;32;1;18;2;0;0;0;3;0;1;0;3;0;0;0;0;0;0;0;0;0;0;0;0;0;0;0;0;0;0;0;0;0;0;0;0;0;0;0;0;0;0;0;0;0;0;0;7;0;0;0;0;0;0;0;770;2555;473;0;1
13;1304;130401;1;1;5;18;2;0;0;0;0;0;0;0;0;0;0;0;0;0;0;0;0;0;0;0;0;0;0;0;0;0;0;0;0;0;0;0;0;0;0;0;0;0;0;0;0;6;6;6;6;0;0;0;0;0;0;0;105;2190;73;0;0
09;0908;090850;1;32;1;18;2;8;8;0;0;0;0;0;0;0;0;0;0;0;0;0;0;0;0;0;0;0;0;0;0;0;0;0;0;0;0;0;0;0;0;0;0;0;0;0;0;0;0;8;8;0;0;0;0;0;0;0;227;2920;219;1;0
09;0921;092150;1;32;1;17;3;4;4;3;3;3;3;5;5;0;0;0;0;0;0;0;0;0;0;0;0;0;0;0;0;0;0;0;0;0;0;0;0;0;0;0;0;0;0;0;0;0;0;15;15;0;0;0;0;0;0;0;67;601;30;0;0
12;1205;120501;1;32;1;18;2;0;0;0;0;0;0;0;0;0;0;0;0;0;0;0;0;0;0;0;0;0;0;0;0;0;0;0;0;0;0;0;0;0;0;0;0;0;0;0;0;12;12;12;12;0;2;0;0;0;0;0;131;4700;112;0;1
23;2301;230105;1;32;1;18;2;1;1;1;1;2;2;1;1;2;2;0;0;0;0;0;0;0;0;0;0;0;0;0;0;1;1;0;0;0;0;0;0;0;0;0;0;0;0;0;0;0;0;8;8;2;0;0;0;0;0;2;114;2920;84;0;0
09;0919;091950;1;32;1;18;2;0;0;0;0;0;0;0;0;0;0;0;0;0;0;0;0;0;0;0;0;0;0;0;0;0;0;0;0;0;0;0;0;0;0;0;0;0;0;0;0;8;8;8;8;0;0;0;0;0;0;0;369;2920;239;0;0
07;0701;070101;1;12;3;18;2;4;4;1;1;2;2;0;0;0;0;0;0;0;0;0;0;0;0;0;0;0;0;0;0;0;0;0;0;0;0;0;0;0;0;0;0;0;0;0;0;3;3;10;10;0;0;0;0;0;0;0;96;3650;96;0;0
12;1208;120850;1;32;1;18;2;9;9;5;5;2;2;0;0;1;1;0;0;0;0;0;0;0;0;0;0;0;0;0;0;0;0;0;0;0;0;0;0;0;0;0;0;0;0;0;0;0;0;17;17;0;0;0;0;0;0;0;1748;6249;1178;0;0
12;1204;120452;2;32;1;18;2;5;5;2;2;0;0;0;0;3;3;0;0;0;0;0;0;0;0;1;1;0;0;0;0;0;0;0;0;0;0;0;0;0;0;0;0;0;0;0;0;0;0;11;11;1;0;0;0;0;0;0;310;3554;164;0;0
09;0916;091650;1;32;1;18;2;6;6;2;2;0;0;0;0;1;1;0;0;0;0;0;0;0;0;0;0;0;0;0;0;0;0;0;0;0;0;0;0;0;0;0;0;0;0;0;0;0;0;9;9;0;0;0;0;0;0;0;134;3230;134;0;0
12;1201;120102;1;32;1;18;2;0;0;0;0;0;0;0;0;0;0;0;0;0;0;0;0;0;0;0;0;0;0;0;0;0;0;0;0;0;0;0;0;0;0;0;0;0;0;0;0;4;4;4;4;1;0;0;0;0;1;0;91;896;51;1;0
17;1701;170157;2;2;1;18;2;12;12;9;10;10;9;15;14;4;4;4;4;3;3;2;2;4;5;0;0;2;2;3;3;3;3;3;4;0;0;3;2;2;2;3;3;0;0;0;0;0;0;82;82;18;4;4;4;4;6;0;13684;29718;4416;2;18
09;0901;090112;1;5;1;13;3;0;0;0;0;0;0;139;139;25;25;0;0;0;0;0;0;0;0;0;0;0;0;0;0;0;0;0;0;0;0;0;0;0;0;0;0;0;0;54;54;0;0;218;218;35;0;40;78;85;16;1;126462;77373;14792;34;327
06;0601;060101;1;1;5;18;2;9;9;10;10;0;0;0;0;0;0;0;0;0;0;0;0;0;0;0;0;0;0;0;0;0;0;0;0;0;0;0;0;0;0;0;0;0;0;4;4;0;0;23;23;1;5;0;0;3;1;0;5971;8395;1648;6;22
02;0201;020102;1;2;1;1;1;22;22;23;23;35;34;20;21;10;10;0;0;0;0;0;0;0;0;0;0;0;0;0;0;0;0;0;0;0;0;0;0;0;0;0;0;0;0;0;0;0;0;110;110;8;0;0;0;2;4;6;22568;38663;6211;19;56
18;1801;180101;1;2;1;6;1;35;35;31;31;36;36;26;26;15;15;4;4;0;0;1;1;26;26;0;0;1;1;3;3;12;12;2;2;0;0;8;8;8;8;0;0;0;0;5;5;0;0;213;213;15;8;0;7;21;11;70;70230;77745;14445;61;206
24;2403;240352;2;2;1;18;2;10;10;10;10;6;6;6;6;5;5;1;1;1;1;0;0;4;4;1;1;1;1;1;1;2;2;2;2;0;0;2;2;3;3;0;0;0;0;0;0;0;0;55;55;9;5;5;0;12;2;4;7811;18482;2576;68;60
23;2301;230106;1;2;1;18;2;0;0;0;0;0;0;0;0;0;0;0;0;0;0;0;0;0;0;0;0;0;0;0;0;0;0;0;0;0;0;0;0;0;0;0;0;0;0;0;0;17;17;17;17;0;0;0;0;0;0;0;1602;6391;892;1;3
09;0901;090112;1;2;1;6;1;89;91;53;51;60;63;60;67;0;12;4;4;0;0;0;0;59;59;0;0;0;0;2;2;12;12;15;14;0;0;0;0;0;0;0;0;0;0;39;28;0;0;393;403;48;30;0;0;0;0;11;124795;4701;23923;26;361
17;1701;170128;1;2;1;6;1;0;0;0;0;62;42;96;96;8;8;0;0;0;0;0;0;0;0;0;0;0;0;0;0;0;0;0;0;0;0;0;0;0;0;0;0;0;0;187;207;0;0;353;353;39;13;6;6;9;25;36;85112;128845;20007;128;360
03;0301;030150;1;2;1;1;1;42;42;24;24;36;36;23;23;12;12;0;0;0;0;0;0;9;8;0;0;0;0;0;0;0;0;0;0;0;0;0;0;0;0;0;0;0;0;0;0;0;0;146;145;11;4;0;0;0;6;2;33770;52747;8992;52;130
09;0901;090112;1;2;1;3;1;11;11;8;8;6;6;6;6;6;6;0;0;0;0;0;0;0;0;0;0;0;0;0;0;0;0;0;0;0;0;0;0;0;0;0;0;0;0;0;0;0;0;37;37;5;5;0;0;0;0;0;4631;14446;1100;6;11
01;0101;010107;1;2;1;3;1;10;13;10;8;3;2;5;5;0;0;0;0;0;0;6;6;0;0;0;0;0;0;0;0;0;0;0;0;0;0;0;0;0;0;0;0;0;0;0;0;0;0;34;34;5;0;0;0;0;3;0;880;12410;379;1;2
11;1101;110103;1;2;1;1;1;55;55;50;50;51;51;44;44;30;29;0;0;0;0;0;0;0;0;0;0;0;0;0;0;0;0;0;0;12;12;0;0;0;0;0;0;0;0;0;0;0;0;242;241;27;10;0;0;0;0;0;55033;91605;10814;51;220
15;1501;150150;1;2;1;1;1;26;21;12;12;27;27;24;23;19;10;0;0;0;0;0;0;12;12;0;0;0;0;0;0;0;0;0;0;0;0;0;0;0;0;0;0;0;0;0;0;0;0;120;105;22;12;0;0;3;6;0;24876;37957;7414;15;37
24;2401;240102;1;2;1;1;1;26;26;23;23;22;22;15;15;10;10;0;0;0;0;0;0;0;0;0;0;0;0;0;0;0;0;0;0;0;0;0;0;0;0;0;0;0;0;0;0;0;0;96;96;9;7;0;0;6;5;12;30400;34848;8338;32;106
07;0701;070102;1;2;1;6;1;60;37;30;21;30;30;30;30;35;19;5;3;6;4;0;0;8;5;2;1;0;0;3;2;3;2;6;4;0;0;7;4;11;6;0;0;0;0;5;3;0;0;241;171;22;14;0;0;0;7;3;44649;61801;7432;23;162
11;1101;110104;1;2;1;6;1;10;10;19;21;16;16;13;13;10;10;5;4;4;5;3;2;15;14;0;0;2;2;2;2;5;5;5;6;0;0;2;3;5;4;3;2;1;2;9;8;0;0;129;129;13;8;0;3;3;12;2;31483;47085;7282;41;162
12;1201;120102;1;2;1;1;1;32;32;24;24;30;30;20;20;0;0;0;0;0;0;0;0;0;0;0;0;0;0;0;0;0;0;0;0;0;0;0;0;0;0;0;0;0;0;0;0;0;0;106;106;17;0;0;0;3;5;25;25325;38690;6478;10;61
09;0901;090112;1;2;1;1;1;55;54;0;0;0;0;41;47;0;0;0;0;0;0;0;0;0;0;0;0;0;0;0;0;0;0;0;0;0;0;0;0;0;0;0;0;0;0;0;0;0;0;96;101;0;0;0;0;0;0;0;18843;37134;4160;44;98
20;2001;200150;1;2;1;1;1;8;8;5;5;6;6;4;4;7;7;0;0;0;0;0;0;0;0;0;0;0;0;0;0;0;0;0;0;0;0;0;0;0;0;0;0;0;0;0;0;0;0;30;30;6;0;0;0;4;0;0;2927;10910;748;4;2
17;1701;170106;1;2;1;1;1;60;52;60;56;40;34;17;17;21;22;0;0;21;11;0;0;42;42;9;9;0;0;0;0;0;0;0;0;0;0;0;0;0;0;0;0;0;0;0;0;0;0;270;243;42;7;0;6;0;12;8;66388;88709;13330;26;154
13;1301;130101;1;2;1;6;1;27;27;10;10;11;11;20;20;9;9;8;8;6;6;2;2;4;4;2;2;0;0;3;3;2;2;5;5;0;0;2;2;4;4;1;1;1;1;20;18;0;0;137;135;19;9;0;2;0;9;0;46590;47935;7124;4;75
16;1601;160150;1;2;1;1;1;16;16;18;18;34;34;16;16;8;8;0;0;0;0;0;0;12;12;0;0;0;0;0;0;0;0;0;0;0;0;0;0;0;0;0;0;0;0;0;0;0;0;104;104;22;7;0;0;0;0;0;26147;34889;6474;9;35
06;0601;060104;1;2;1;1;1;50;49;52;50;72;71;25;23;15;15;0;0;0;0;0;0;0;0;0;0;0;0;0;0;0;0;0;0;6;6;0;0;0;0;0;0;0;0;0;0;0;0;220;214;19;5;0;0;0;0;21;54435;77263;12614;34;153
06;0601;060101;1;2;1;6;1;29;29;25;25;17;17;7;7;9;9;4;4;0;0;4;4;13;13;0;0;1;1;3;3;6;6;4;4;0;0;0;0;0;0;0;0;0;0;0;0;0;0;122;122;14;5;0;2;3;10;0;36803;44530;9001;80;122
13;1308;130802;1;2;1;1;1;60;60;60;60;50;50;34;34;16;16;0;0;0;0;0;0;0;0;0;0;0;0;0;0;0;0;0;0;0;0;0;0;0;0;0;0;0;0;0;0;0;0;220;220;7;8;0;4;4;8;15;62854;86317;11914;28;129
23;2301;230107;1;2;1;6;1;33;33;21;21;29;29;20;20;12;12;0;0;0;0;0;0;6;6;0;0;0;0;0;0;6;6;0;0;0;0;0;0;0;0;0;0;0;0;0;0;0;0;127;127;22;6;0;0;0;0;0;35268;48545;8079;31;126
07;0701;070102;1;2;1;1;1;52;41;30;27;47;51;41;34;16;16;0;0;0;0;0;0;20;19;0;0;0;0;0;0;0;0;0;0;8;6;0;0;0;0;0;0;0;0;0;0;0;0;214;194;32;6;0;0;0;0;0;51971;70669;10532;19;161
23;2301;230102;1;2;1;18;2;0;0;0;0;0;0;0;0;0;0;0;0;0;0;0;0;0;0;0;0;0;0;0;0;0;0;0;0;0;0;0;0;0;0;0;0;0;0;10;10;21;21;31;31;6;5;2;0;0;0;0;4400;11315;1068;4;23
01;0101;010107;1;2;1;1;1;50;49;58;57;44;46;55;51;25;25;0;0;0;0;0;0;0;0;0;0;0;0;0;0;0;0;0;0;0;0;0;0;0;0;0;0;0;0;0;0;0;0;232;228;51;7;0;0;0;0;0;84312;93991;15699;103;397
07;0712;071201;1;4;1;1;1;0;0;0;0;38;38;0;0;20;15;0;0;0;0;0;0;0;0;0;0;0;0;0;0;0;0;0;0;0;0;0;0;0;0;0;0;0;0;0;0;0;0;58;53;3;2;0;0;0;0;0;15468;19345;4333;10;18
23;2301;230104;1;2;1;17;3;4;4;4;4;4;4;4;4;6;6;1;1;12;12;1;1;4;4;4;4;1;1;0;0;0;0;0;0;0;0;0;0;0;0;0;0;0;0;0;0;0;0;45;45;3;7;0;0;0;0;0;2088;17280;594;0;0
09;0901;090112;1;3;1;1;1;70;69;0;0;0;0;0;0;0;0;0;0;0;0;0;0;0;0;0;0;0;0;0;0;0;0;0;0;0;0;0;0;0;0;0;0;0;0;0;0;0;0;70;69;5;6;0;0;6;0;0;18739;25296;1808;44;221
09;0906;090601;1;1;5;18;2;0;0;0;0;0;0;0;0;0;0;0;0;0;0;0;0;0;0;0;0;0;0;0;0;0;0;0;0;0;0;0;0;0;0;0;0;0;0;0;0;10;10;10;10;3;0;0;0;0;2;0;69;3660;25;0;0
18;1801;180102;1;1;5;11;1;9;9;12;12;16;16;5;5;3;3;1;1;0;0;0;0;2;2;0;0;0;0;3;3;0;0;3;3;0;0;0;0;0;0;0;0;0;0;0;0;0;0;54;54;7;0;0;0;0;4;2;3679;19710;1499;0;1
11;1101;110104;1;8;2;15;3;0;0;19;19;0;0;6;6;0;0;0;0;0;0;0;0;0;0;6;2;0;0;0;0;0;0;0;0;0;0;0;0;0;0;55;52;0;0;10;10;0;0;96;89;2;0;0;0;0;5;0;17602;32381;3693;8;102
08;0804;080455;2;12;3;18;2;0;0;0;0;0;0;0;0;0;0;0;0;0;0;0;0;0;0;0;0;0;0;0;0;0;0;0;0;0;0;0;0;0;0;0;0;0;0;0;0;14;14;14;14;2;0;0;0;0;2;0;57;5110;56;0;0
06;0601;060103;1;5;1;1;1;22;22;5;5;0;0;0;0;3;3;0;0;0;0;0;0;0;0;6;6;0;0;0;0;0;0;0;0;0;0;0;0;0;0;0;0;0;0;0;0;0;0;36;36;5;0;0;0;0;0;0;5083;12158;1188;1;2
06;0601;060101;1;1;5;18;2;0;0;0;0;0;0;0;0;1;1;0;0;0;0;0;0;0;0;0;0;0;0;0;0;0;0;0;0;0;0;0;0;0;0;0;0;0;0;0;0;7;7;8;8;2;1;0;0;0;2;0;1353;2920;868;0;6
01;0101;010107;1;2;1;18;2;0;0;0;0;0;0;0;0;0;0;0;0;0;0;0;0;0;0;0;0;0;0;0;0;0;0;0;0;0;0;0;0;0;0;0;0;0;0;0;0;16;16;16;16;3;2;0;4;1;2;0;2514;5840;1515;5;4
01;0101;010112;1;2;1;18;2;0;0;0;0;0;0;0;0;0;0;0;0;0;0;0;0;0;0;0;0;0;0;0;0;0;0;0;0;0;0;0;0;0;0;0;0;0;0;0;0;60;60;60;60;9;7;4;15;0;8;0;15298;21900;5067;27;64
09;0901;090109;1;6;2;13;3;0;0;0;0;0;0;0;0;0;0;0;0;0;0;148;147;0;0;0;0;0;0;0;0;0;0;0;0;0;0;0;0;0;0;0;0;0;0;0;0;0;0;148;147;0;0;0;0;0;0;0;39224;54882;931;0;0
17;1702;170202;1;1;5;17;3;0;0;2;2;7;7;3;3;0;0;0;0;0;0;0;0;0;0;0;0;0;0;0;0;0;0;0;0;0;0;0;0;0;0;0;0;0;0;0;0;2;2;14;14;0;0;0;0;0;0;0;616;5110;212;0;0
09;0928;092850;1;32;1;11;1;0;9;0;0;0;0;0;0;0;0;0;0;0;0;0;0;0;0;0;0;0;0;0;0;0;0;0;0;0;0;0;0;0;0;0;0;0;0;0;0;0;0;0;9;0;0;0;0;0;0;0;28;3294;21;0;0
23;2301;230107;1;2;1;18;2;0;0;0;0;0;0;0;0;4;4;0;0;0;0;0;0;0;0;0;0;0;0;0;0;0;0;0;0;0;0;0;0;0;0;0;0;0;0;1;1;46;46;51;51;6;6;0;1;6;0;2;23523;18646;2584;18;139
10;1001;100104;1;12;3;18;2;0;0;0;0;0;0;0;0;3;3;0;0;0;0;0;0;0;0;0;0;0;0;0;0;0;0;0;0;0;0;0;0;0;0;0;0;0;0;0;0;28;28;31;31;0;2;0;0;1;0;0;2050;11315;1229;1;0
17;1701;170123;1;12;3;18;2;0;0;0;0;0;0;0;0;0;0;0;0;0;0;0;0;0;0;0;0;0;0;0;0;0;0;0;0;0;0;0;0;0;0;0;0;0;0;0;0;28;28;28;28;2;6;1;4;3;0;6;7483;10220;3590;0;1
09;0901;090112;1;11;1;18;2;5;5;4;4;6;6;10;10;30;30;2;2;11;11;3;3;11;11;4;4;0;0;0;0;0;0;0;0;0;0;0;0;0;0;0;0;0;0;0;0;0;0;86;86;10;11;4;11;3;0;0;20713;30468;7063;30;71
09;0910;091050;1;32;1;18;2;2;2;3;3;5;5;0;0;0;0;0;0;0;0;0;0;0;0;0;0;0;0;0;0;2;2;0;0;0;0;0;0;0;0;0;0;0;0;0;0;0;0;12;12;0;0;0;0;0;0;0;489;4392;285;0;1
13;1308;130802;1;11;1;18;2;0;0;0;0;0;0;0;0;0;0;21;21;0;0;0;0;0;0;0;0;0;0;0;0;0;0;0;0;0;0;0;0;0;0;0;0;0;0;0;0;0;0;21;21;0;0;0;0;0;0;1;6078;17520;901;16;67
09;0904;090450;1;32;1;18;2;0;0;2;2;0;0;0;0;0;0;0;0;0;0;0;0;0;0;0;0;0;0;0;0;0;0;0;0;0;0;0;0;0;0;0;0;0;0;0;0;7;7;9;9;0;0;0;0;0;0;0;113;3285;111;0;0
13;1301;130102;1;8;2;15;3;0;0;35;35;0;0;14;14;0;0;0;0;0;0;0;0;0;0;0;0;0;0;0;0;0;0;0;0;0;0;0;0;0;0;0;0;0;0;67;66;0;0;116;115;13;7;0;17;0;0;0;36334;42084;5815;21;192
09;0901;090112;1;8;2;15;3;32;30;40;36;0;0;26;28;0;0;0;0;0;0;0;0;0;0;0;0;0;0;0;0;0;0;0;0;0;0;0;0;0;0;0;0;0;0;34;32;0;0;132;126;11;6;2;0;0;0;0;25958;33633;5134;35;138
17;1701;170129;1;8;2;15;3;0;0;51;51;0;0;46;42;0;0;0;0;0;0;0;0;0;0;12;12;0;0;0;0;0;0;0;0;0;0;0;0;0;0;32;32;0;0;12;12;0;0;153;149;0;10;0;0;0;0;8;28660;54228;6376;52;92
13;1314;131401;1;1;5;18;2;7;7;3;3;0;0;3;3;1;1;0;0;0;0;0;0;0;0;0;0;0;0;0;0;0;0;0;0;0;0;0;0;0;0;0;0;0;0;0;0;0;0;14;14;2;0;0;0;0;1;0;92;4393;82;0;0
23;2301;230106;1;32;1;18;2;0;0;1;1;1;1;1;1;1;1;0;0;0;0;0;0;0;0;0;0;0;0;0;0;0;0;0;0;0;0;0;0;0;0;0;0;0;0;0;0;7;7;11;11;1;0;0;0;0;1;0;181;4015;128;0;0
18;1801;180156;2;8;2;15;3;0;0;0;0;0;0;0;0;0;0;0;0;0;0;0;0;0;0;0;0;0;0;0;0;0;0;0;0;0;0;0;0;0;0;0;0;0;0;56;56;0;0;56;56;0;4;0;0;0;0;0;6895;20440;1616;8;20
09;0901;090101;1;4;1;17;3;2;2;4;4;21;21;0;0;7;7;0;0;0;0;0;0;0;0;0;0;0;0;0;0;0;0;0;0;0;0;0;0;0;0;0;0;0;0;0;0;0;0;34;34;0;0;0;0;0;0;2;4316;13018;1334;0;0
09;0914;091452;2;32;1;17;3;0;0;0;0;0;0;0;0;0;0;0;0;0;0;0;0;0;0;0;0;0;0;0;0;0;0;0;0;0;0;0;0;0;0;0;0;0;0;0;0;7;7;7;7;0;0;0;0;0;0;0;39;2569;39;0;0
14;1401;140150;1;1;5;6;1;5;5;4;4;4;4;5;5;0;0;0;0;0;0;0;0;2;2;0;0;0;0;0;0;2;2;0;0;0;0;0;0;0;0;0;0;0;0;0;0;0;0;22;22;5;0;0;0;0;3;0;2273;8030;585;1;6
17;1701;170151;2;11;1;17;3;0;0;0;0;0;0;0;0;0;0;0;0;0;0;86;86;0;0;0;0;0;0;0;0;0;0;0;0;0;0;0;0;0;0;0;0;0;0;85;85;0;0;171;171;0;0;0;0;0;0;0;34750;62415;326;1;30
11;1101;110103;1;4;1;11;1;0;0;0;0;12;12;13;13;4;4;0;0;0;0;0;0;0;0;0;0;0;0;0;0;0;0;0;0;0;0;0;0;0;0;0;0;0;0;0;0;0;0;29;29;0;0;0;0;0;0;0;586;10585;337;0;0
09;0901;090102;1;1;5;18;2;0;0;0;0;0;0;0;0;2;2;0;0;0;0;0;0;0;0;0;0;0;0;0;0;0;0;0;0;0;0;0;0;0;0;0;0;0;0;0;0;0;14;2;16;0;0;0;0;0;0;0;941;5596;833;1;1
17;1701;170127;1;12;3;17;3;0;0;11;11;0;0;0;0;0;0;0;0;0;0;0;0;0;0;0;0;0;0;0;0;0;0;0;0;0;0;0;0;0;0;0;0;0;0;0;0;0;0;11;11;0;0;0;0;0;0;0;669;4015;425;0;1
09;0901;090112;1;32;1;18;2;0;3;0;3;0;2;0;1;0;0;0;0;0;0;0;0;0;0;0;0;0;0;0;0;0;0;0;0;0;0;0;0;0;0;0;0;0;0;0;0;0;0;0;9;0;0;0;0;0;0;0;124;3076;116;0;0
17;1701;170121;1;12;3;18;2;0;0;0;0;0;0;5;5;0;0;0;0;0;0;0;0;0;0;0;0;0;0;0;0;0;0;0;0;0;0;0;0;0;0;0;0;0;0;0;0;5;5;10;10;0;0;0;0;0;0;0;55;3650;55;0;0
12;1201;120102;1;2;1;18;2;0;0;0;0;0;0;0;0;0;0;0;0;0;0;0;0;0;0;0;0;0;0;0;0;0;0;0;0;0;0;0;0;0;0;0;0;0;0;0;0;14;14;14;14;1;0;0;0;0;2;0;70;5110;70;0;0
17;1701;170131;1;12;3;18;2;0;0;0;0;0;0;0;0;0;0;0;0;0;0;0;0;0;0;0;0;0;0;0;0;0;0;0;0;0;0;0;0;0;0;0;0;0;0;0;0;8;8;8;8;0;0;0;0;0;0;0;812;2928;414;1;7
18;1801;180101;1;1;5;17;3;36;36;31;31;36;36;26;26;15;15;4;4;0;0;1;1;26;26;0;0;1;1;3;3;12;12;2;2;0;0;8;8;8;8;0;0;0;0;4;4;0;0;213;213;0;0;0;0;0;0;0;1921;77745;772;1;3
04;0401;040101;1;12;3;18;2;0;0;0;0;0;0;0;0;0;0;0;0;0;0;0;0;0;0;0;0;0;0;0;0;0;0;0;0;0;0;0;0;0;0;0;0;0;0;0;0;7;7;7;7;1;0;0;0;0;0;0;433;2555;324;1;0
07;0701;070104;1;2;1;18;2;5;5;4;4;8;8;5;5;12;12;2;2;2;2;0;0;4;4;3;3;0;0;2;2;2;2;1;1;0;0;0;0;0;0;0;0;0;0;0;0;0;0;50;50;2;8;0;0;0;0;0;9349;18250;1513;5;37
09;0901;090108;1;32;1;18;2;0;0;0;0;0;0;0;0;0;0;0;0;0;0;0;0;0;0;0;0;0;0;0;0;0;0;0;0;0;0;0;0;0;0;0;0;0;0;0;0;13;13;13;13;0;0;0;0;0;0;0;213;4745;177;0;1
09;0901;090106;1;1;5;18;2;0;0;0;0;1;1;0;0;1;1;0;0;0;0;0;0;0;0;0;0;0;0;0;0;0;0;0;0;0;0;0;0;0;0;0;0;0;0;0;0;1;1;3;3;1;0;0;0;0;0;0;2;1368;2;0;0
09;0901;090102;1;4;1;18;2;0;0;0;0;0;0;0;0;0;0;0;0;0;0;0;0;0;0;0;0;0;0;0;0;0;0;0;0;0;0;0;0;0;0;0;0;0;0;0;0;40;20;40;20;2;1;0;0;1;0;0;415;7920;221;0;0
23;2301;230107;1;2;1;18;2;6;6;6;6;6;6;4;4;2;2;0;0;0;0;0;0;4;4;0;2;0;0;1;1;1;1;0;1;0;0;0;0;0;0;0;0;0;0;0;0;0;0;30;33;4;2;2;2;1;2;1;981;11142;393;1;3
09;0910;091050;1;12;3;18;2;0;0;0;0;1;1;1;3;2;4;0;0;0;0;0;0;0;0;0;0;0;0;0;0;0;0;0;0;0;0;0;0;0;0;0;0;0;0;0;0;2;3;6;11;0;0;0;0;0;0;0;153;2754;74;0;0
17;1701;170127;1;1;5;18;2;0;0;0;0;0;0;0;0;0;0;0;0;0;0;0;0;0;0;0;0;0;0;0;0;0;0;0;0;0;0;0;0;0;0;0;0;0;0;0;0;8;8;8;8;0;0;0;0;0;4;0;2129;2920;1449;1;0
01;0101;010101;1;12;3;18;2;8;8;2;2;2;2;0;0;0;0;0;0;0;0;0;0;0;0;0;0;0;0;0;0;0;0;0;0;0;0;0;0;0;0;0;0;0;0;0;0;0;0;12;12;0;0;0;0;0;0;0;2130;4380;1261;4;7
09;0901;090105;1;32;1;18;2;1;1;1;1;0;0;1;1;0;0;0;0;0;0;0;0;0;0;1;1;0;0;0;0;0;0;0;0;0;0;0;0;0;0;0;0;0;0;0;0;4;4;8;8;0;0;0;0;0;0;0;223;2920;221;4;0
09;0910;091050;1;32;1;18;2;0;0;0;0;0;0;0;0;0;0;0;0;0;0;0;0;0;0;0;0;0;0;0;0;0;0;0;0;0;0;0;0;0;0;0;0;0;0;0;0;15;15;15;15;0;0;0;0;0;0;0;592;1702;294;0;0
01;0101;010103;1;1;5;18;2;0;0;0;0;0;0;0;0;0;0;0;0;0;0;0;0;0;0;0;0;0;0;0;0;0;0;0;0;0;0;0;0;0;0;0;0;0;0;0;0;12;12;12;12;4;0;0;0;0;2;3;1462;4380;736;0;5
03;0301;030102;1;1;5;18;2;0;0;0;0;0;0;0;0;0;0;0;0;0;0;0;0;0;0;0;0;0;0;0;0;0;0;0;0;0;0;0;0;0;0;0;0;0;0;0;0;12;12;12;12;2;0;0;0;0;1;0;2333;4380;1356;4;1
17;1701;170103;1;12;3;18;2;0;0;0;0;0;0;0;0;0;0;0;0;0;0;0;0;0;0;6;6;0;0;0;0;0;0;0;0;0;0;0;0;0;0;0;0;0;0;0;0;34;34;40;40;3;10;0;0;6;2;4;7770;14720;695;15;60
09;0901;090104;1;32;1;18;2;0;0;0;0;0;0;0;0;0;0;0;0;0;0;0;0;0;0;0;0;0;0;0;0;0;0;0;0;0;0;0;0;0;0;0;0;0;0;0;0;0;13;0;13;0;0;0;0;0;0;0;42;4699;37;0;0
17;1701;170124;1;12;3;18;2;0;0;0;0;0;0;0;0;0;0;0;0;0;0;0;0;0;0;0;0;0;0;0;0;0;0;0;0;0;0;0;0;0;0;0;0;0;0;0;0;30;30;30;30;0;0;0;0;0;0;0;8906;10950;1424;14;68
24;2401;240102;1;1;5;17;3;8;8;7;7;8;8;9;9;0;0;0;0;0;0;0;0;0;0;0;0;0;0;0;0;0;0;0;0;0;0;0;0;0;0;0;0;0;0;0;0;0;0;32;32;0;0;0;0;0;0;0;776;13313;572;0;2
09;0916;091650;1;1;5;18;2;6;7;1;1;2;1;0;0;0;0;0;0;0;0;0;0;0;0;0;0;0;0;0;0;0;0;0;0;0;0;0;0;0;0;0;0;0;0;0;0;0;0;9;9;0;0;0;0;0;0;0;470;3432;234;0;0
09;0901;090105;1;1;5;18;2;0;0;0;0;0;0;0;0;0;0;0;0;0;0;0;0;0;0;0;0;0;0;0;0;0;0;0;0;0;0;0;0;0;0;0;0;0;0;0;0;11;11;11;11;0;0;0;0;0;0;0;1935;5054;1882;3;0
10;1002;100202;1;12;3;18;2;0;0;0;0;0;0;0;0;0;0;0;0;0;0;0;0;0;0;0;0;0;0;0;0;0;0;0;0;0;0;0;0;0;0;0;0;0;0;0;0;7;7;7;7;0;0;0;0;0;0;0;199;2555;110;0;0
15;1501;150150;1;12;3;18;2;0;0;1;1;1;1;1;1;0;0;0;0;0;0;0;0;0;0;0;0;0;0;0;0;0;0;0;0;0;0;0;0;0;0;0;0;0;0;3;3;2;2;8;8;0;0;0;0;0;2;0;62;2920;44;3;0
17;1701;170114;1;12;3;18;2;0;0;0;0;0;0;0;0;2;2;0;0;0;0;0;0;0;0;0;0;0;0;0;0;0;0;0;0;0;0;0;0;0;0;0;0;0;0;0;0;7;7;9;9;2;0;0;0;0;0;0;881;3294;492;0;0
09;0907;090702;1;12;3;18;2;0;0;0;2;0;2;0;0;0;0;0;0;0;0;0;0;0;1;0;0;0;0;0;0;0;0;0;0;0;0;0;0;0;0;0;0;0;0;0;0;0;0;0;5;0;0;0;0;0;0;0;69;1587;66;1;0
09;0904;090450;1;11;1;18;2;0;0;0;0;0;0;4;4;0;0;0;0;0;0;0;0;0;0;0;0;0;0;0;0;0;0;0;0;0;0;0;0;0;0;0;0;0;0;0;0;10;10;14;14;0;0;0;0;0;0;0;237;5110;105;0;0
13;1322;132250;1;1;5;18;2;3;4;4;4;2;2;0;0;0;0;1;1;0;0;0;0;1;1;0;0;0;0;0;0;0;0;2;2;0;0;0;0;0;0;0;0;0;0;0;0;0;0;13;14;2;0;0;0;2;2;1;375;5558;172;0;0
14;1401;140150;1;12;3;18;2;0;0;0;0;0;0;0;0;0;0;0;0;0;0;0;0;0;0;0;0;0;0;0;0;0;0;0;0;0;0;0;0;0;0;0;0;0;0;0;0;8;8;8;8;3;0;0;0;1;1;0;445;2920;286;0;1
17;1701;170121;1;12;3;18;2;0;0;0;0;0;0;0;0;0;0;0;0;0;0;0;0;0;0;0;0;0;0;0;0;0;0;0;0;0;0;0;0;0;0;0;0;0;0;0;0;9;9;9;9;0;0;0;0;0;2;0;801;3132;367;0;1
17;1701;170112;1;12;3;18;2;0;0;0;0;25;25;0;0;9;9;0;0;0;0;0;0;0;0;0;0;0;0;0;0;0;0;0;0;0;0;0;0;0;0;0;0;0;0;0;0;0;0;34;34;0;0;0;0;0;0;0;3398;12410;1849;0;1
13;1303;130301;1;32;1;18;2;1;1;2;2;2;2;0;0;0;0;0;0;0;0;0;0;0;0;0;0;0;0;0;0;0;0;0;0;0;0;0;0;0;0;0;0;0;0;0;0;0;0;5;5;0;0;0;0;0;0;0;67;1820;66;0;0
09;0906;090650;1;1;5;18;2;0;0;0;0;0;0;0;0;0;0;0;0;0;0;0;0;0;0;0;0;0;0;0;0;0;0;0;0;0;0;0;0;0;0;0;0;0;0;0;0;15;15;15;15;0;0;0;0;0;0;0;441;3750;376;0;0
09;0901;090111;1;32;1;18;2;0;0;0;0;0;0;0;0;0;0;0;0;0;0;0;0;0;0;0;0;0;0;0;0;0;0;0;0;0;0;0;0;0;0;0;0;0;0;0;0;7;7;7;7;3;0;0;0;0;0;0;224;2562;141;0;0
17;1705;170550;1;12;3;18;2;0;0;0;0;0;0;0;0;0;0;0;0;0;0;0;0;0;0;0;0;0;0;0;0;0;0;0;0;0;0;0;0;0;0;0;0;0;0;0;0;16;16;16;16;0;0;0;0;0;0;0;3677;5840;1771;5;8
17;1701;170115;1;12;3;18;2;0;0;0;0;8;8;4;4;0;0;0;0;0;0;0;0;0;0;0;0;0;0;0;0;0;0;0;0;0;0;0;0;0;0;0;0;0;0;0;0;0;0;12;12;0;0;0;0;0;0;0;105;4380;75;0;0
08;0804;080450;1;12;3;18;2;3;3;2;2;3;3;1;1;1;1;0;0;0;0;0;0;0;0;0;0;0;0;0;0;0;0;0;0;0;0;0;0;0;0;0;0;0;0;0;0;0;0;10;10;2;0;0;0;0;2;0;134;3650;125;0;0
09;0901;090103;1;1;5;18;2;0;0;0;0;0;0;0;0;0;0;0;0;0;0;0;0;5;5;0;0;0;0;0;0;0;0;0;0;0;0;0;0;0;0;0;0;0;0;0;0;12;12;17;17;0;0;0;0;0;0;0;888;6205;510;4;4
01;0101;010105;1;1;5;18;2;11;11;0;0;0;0;0;0;0;0;0;0;0;0;0;0;0;0;0;0;0;0;0;0;0;0;0;0;0;0;0;0;0;0;0;0;0;0;0;0;0;0;11;11;1;0;0;0;0;1;0;1066;4015;561;2;3
09;0901;090102;1;32;1;18;2;3;3;3;3;5;5;0;0;0;0;0;0;0;0;0;0;0;0;0;0;0;0;0;0;0;0;0;0;0;0;0;0;0;0;0;0;0;0;0;0;0;0;11;11;0;0;0;0;0;0;0;1047;3730;1041;2;0
09;0901;090104;1;32;1;18;2;0;0;0;0;5;5;0;0;0;0;0;0;0;0;0;0;0;0;0;0;0;0;0;0;0;0;0;0;0;0;0;0;0;0;0;0;0;0;0;0;0;0;5;5;0;0;0;0;0;0;0;332;1820;330;0;0
09;0901;090114;1;32;1;18;2;0;0;0;0;0;0;0;0;0;0;0;0;0;0;0;0;0;0;0;0;0;0;0;0;0;0;0;0;0;0;0;0;0;0;0;0;0;0;0;0;10;10;10;10;0;0;0;0;0;0;0;490;3650;236;0;0
09;0910;091050;1;32;1;18;2;8;8;2;2;0;0;1;1;0;0;0;0;0;0;0;0;0;0;0;0;0;0;0;0;0;0;0;0;0;0;0;0;0;0;0;0;0;0;0;0;2;2;13;13;2;0;0;0;0;0;0;279;4634;271;0;0
13;1301;130102;1;1;5;18;2;4;4;2;2;2;2;1;1;0;0;1;1;0;0;0;0;0;0;0;0;0;0;0;0;0;0;0;0;0;0;0;0;0;0;0;0;0;0;0;0;0;0;10;10;2;0;0;0;0;2;0;652;3562;650;0;0
09;0901;090112;1;32;1;18;2;0;0;0;0;0;0;0;0;0;0;0;0;0;0;0;0;0;0;0;0;0;0;0;0;0;0;0;0;0;0;0;0;0;0;0;0;0;0;0;0;0;10;0;10;0;0;0;0;0;0;0;324;3670;151;1;0
07;0707;070701;1;12;3;18;2;0;0;0;0;0;0;0;0;0;0;0;0;0;0;0;0;0;0;0;0;0;0;0;0;0;0;0;0;0;0;0;0;0;0;0;0;0;0;0;0;5;5;5;5;0;0;0;0;0;0;0;296;1825;222;1;0
03;0301;030102;1;1;5;18;2;0;0;0;0;0;0;0;0;0;0;0;0;0;0;0;0;0;0;0;0;0;0;0;0;0;0;0;0;0;0;0;0;0;0;0;0;0;0;0;0;11;11;11;11;2;0;0;0;2;2;0;1709;4015;939;4;11
17;1701;170127;1;12;3;18;2;0;0;0;0;0;0;0;0;4;4;0;0;0;0;0;0;0;0;0;0;0;0;0;0;0;0;0;0;0;0;0;0;0;0;0;0;0;0;0;0;15;15;19;19;4;2;1;1;1;3;3;2634;6935;966;0;0
17;1701;170112;1;12;3;18;2;0;0;0;0;0;0;2;2;0;0;0;0;0;0;0;0;0;0;0;0;0;0;0;0;0;0;0;0;0;0;0;0;0;0;0;0;0;0;0;0;10;10;12;12;1;0;0;0;0;1;0;1088;4380;637;1;0
07;0701;070102;1;1;5;18;2;0;0;0;0;0;0;0;0;0;0;0;0;0;0;0;0;0;0;0;0;0;0;0;0;0;0;0;0;0;0;0;0;0;0;0;0;0;0;0;0;13;13;13;13;2;0;0;0;1;0;0;777;4745;378;1;2
07;0701;070101;1;1;5;18;2;0;0;0;0;0;0;0;0;0;0;0;0;0;0;0;0;0;0;0;0;0;0;0;0;0;0;0;0;0;0;0;0;0;0;0;0;0;0;0;0;6;6;6;6;0;0;0;0;0;0;2;490;2190;396;0;0
09;0901;090112;1;32;1;18;2;0;0;0;0;0;0;0;0;0;0;0;0;0;0;0;0;0;0;0;0;0;0;0;0;0;0;0;0;0;0;0;0;0;0;0;0;0;0;0;0;10;10;10;10;0;0;0;0;0;0;0;34;3680;11;0;1
17;1701;170115;1;12;3;18;2;0;0;0;0;0;0;0;0;1;1;0;0;0;0;0;0;0;0;0;0;0;0;0;0;0;0;0;0;0;0;0;0;0;0;0;0;0;0;0;0;8;8;9;9;0;0;0;0;0;0;0;539;3285;245;1;2
17;1701;170103;1;12;3;18;2;0;0;0;0;0;0;0;0;0;0;0;0;0;0;0;0;0;0;0;0;0;0;0;0;0;0;0;0;0;0;0;0;0;0;0;0;0;0;0;0;23;23;23;23;0;0;0;0;0;1;0;2376;8395;160;4;31
09;0910;091050;1;32;1;18;2;0;0;0;0;9;9;0;0;0;0;0;0;0;0;0;0;0;0;0;0;0;0;0;0;0;0;0;0;0;0;0;0;0;0;0;0;0;0;0;0;0;0;9;9;0;0;0;0;0;0;0;599;5157;598;0;0
13;1308;130850;1;2;1;18;2;5;5;2;2;2;2;0;0;0;0;0;0;0;0;0;0;1;1;0;0;0;0;0;0;2;1;1;1;0;0;0;0;0;0;0;0;0;0;0;0;0;0;13;12;0;5;0;0;0;0;0;3777;1189;465;4;17
09;0901;090107;1;32;1;18;2;0;0;0;0;0;0;0;0;5;5;0;0;0;0;0;0;0;0;0;0;0;0;0;0;0;0;0;0;0;0;0;0;0;0;0;0;0;0;0;0;6;6;11;11;0;0;0;0;0;0;0;91;2345;63;0;0
09;0901;090102;1;32;1;18;2;0;0;0;0;0;0;0;0;0;0;0;0;0;0;0;0;0;0;0;0;0;0;0;0;0;0;0;0;0;0;0;0;0;0;0;0;0;0;0;0;14;14;14;14;0;0;0;0;0;0;0;38;5110;31;0;0
09;0911;091150;1;32;1;18;2;0;0;0;0;0;0;0;0;0;0;0;0;0;0;0;0;0;0;0;0;0;0;0;0;0;0;0;0;0;0;0;0;0;0;0;0;0;0;0;0;4;4;4;4;0;0;0;0;0;0;0;301;1460;162;0;0
09;0901;090112;1;32;1;18;2;0;0;0;0;0;0;0;0;0;0;0;0;0;0;0;0;0;0;0;0;0;0;0;0;0;0;0;0;0;0;0;0;0;0;0;0;0;0;0;0;13;13;13;13;0;0;0;0;0;0;0;133;3497;88;0;0
09;0914;091450;1;32;1;17;3;0;0;0;0;0;0;0;0;0;0;0;0;0;0;0;0;0;0;0;0;0;0;0;0;0;0;0;0;0;0;0;0;0;0;0;0;0;0;0;0;13;13;13;13;0;0;0;0;0;0;0;38;4745;38;0;0
07;0701;070101;1;1;5;18;2;0;0;0;0;0;0;0;0;0;0;0;0;0;0;0;0;0;0;0;0;0;0;0;0;0;0;0;0;0;0;0;0;0;0;0;0;0;0;0;0;18;18;18;18;2;0;0;0;0;0;0;2392;6570;1304;1;2
07;0706;070650;1;12;3;18;2;0;0;0;0;3;3;0;0;0;0;0;0;0;0;0;0;0;0;0;0;0;0;0;0;0;0;0;0;0;0;0;0;0;0;0;0;0;0;0;0;3;3;6;6;1;0;0;0;0;0;0;36;2190;36;0;0
07;0701;070102;1;1;5;18;2;0;0;2;2;5;5;0;0;2;2;0;0;0;0;0;0;0;0;0;0;0;0;0;0;0;0;0;0;0;0;0;0;0;0;0;0;0;0;0;0;1;1;10;10;2;0;0;0;0;0;0;84;3650;57;0;0
01;0101;010110;1;2;1;18;2;0;0;0;0;0;0;0;0;0;0;0;0;0;0;0;0;0;0;0;0;0;0;0;0;0;0;0;0;0;0;0;0;0;0;0;0;0;0;0;0;10;10;10;10;3;4;0;7;0;2;2;2569;3650;1144;4;7
07;0707;070701;1;1;5;18;2;2;2;0;0;0;0;1;1;0;0;0;0;0;0;0;0;0;0;0;0;0;0;0;0;0;0;0;0;0;0;0;0;0;0;0;0;0;0;0;0;3;3;6;6;0;0;0;0;0;0;0;195;2190;133;1;0
09;0901;090114;1;32;1;18;2;0;7;0;0;0;0;0;0;0;0;0;0;0;0;0;0;0;0;0;0;0;0;0;0;0;0;0;0;0;0;0;0;0;0;0;0;0;0;0;0;0;0;0;7;0;0;0;0;0;0;0;105;707;64;0;0
09;0901;090112;1;1;5;18;2;0;0;20;20;6;6;2;2;0;0;0;0;0;0;0;0;2;2;0;0;0;0;0;0;0;0;0;0;0;0;0;0;0;0;0;0;0;0;0;0;0;0;30;30;0;0;0;0;0;0;0;663;10950;558;0;0
07;0701;070104;1;12;3;18;2;2;2;1;1;2;2;0;0;0;0;0;0;0;0;0;0;0;0;0;0;0;0;0;0;0;0;0;0;0;0;0;0;0;0;0;0;0;0;0;0;0;0;5;5;0;0;0;0;0;0;0;497;1825;132;0;0
09;0920;092056;2;32;1;18;2;8;8;1;1;1;1;0;0;1;1;0;0;0;0;0;0;0;0;0;0;0;0;0;0;0;0;0;0;0;0;0;0;0;0;0;0;0;0;0;0;0;0;11;11;0;0;0;0;0;0;0;658;4015;631;0;0
12;1201;120102;1;32;1;18;2;4;4;0;0;0;0;0;0;0;0;0;0;0;0;0;0;0;0;0;0;0;0;0;0;0;0;0;0;0;0;0;0;0;0;0;0;0;0;0;0;0;0;4;4;0;0;0;0;0;0;0;63;1519;45;0;0
06;0601;060101;1;12;3;18;2;0;0;0;0;0;0;0;0;4;4;0;0;0;0;0;0;1;1;0;0;0;0;0;0;0;0;0;0;0;0;0;0;0;0;0;0;0;0;0;0;0;15;5;20;0;0;0;0;0;0;0;1560;7300;785;2;2
11;1101;110102;1;1;5;18;2;0;0;0;0;0;0;1;1;2;2;0;0;0;0;0;0;0;0;0;0;0;0;0;0;0;0;0;0;0;0;0;0;0;0;0;0;0;0;0;0;11;9;14;12;3;3;0;0;0;0;0;1525;4498;714;2;3
09;0901;090112;1;1;5;18;2;0;0;0;1;0;0;0;0;0;0;0;0;0;0;0;0;0;0;0;0;0;0;0;0;0;0;0;0;0;0;0;0;0;0;0;0;0;0;0;0;8;8;8;9;0;0;0;0;0;0;0;155;3294;154;0;0
09;0901;090112;1;1;5;18;2;0;0;3;3;1;1;1;1;0;0;0;0;0;0;0;0;4;4;0;0;0;0;0;0;0;0;0;0;0;0;0;0;0;0;0;0;0;0;0;0;0;0;9;9;4;0;0;0;0;0;0;581;5481;337;0;0
09;0904;090450;1;1;5;18;2;2;2;1;1;2;2;1;1;0;0;0;0;0;0;0;0;0;0;0;0;0;0;0;0;0;0;0;0;0;0;0;0;0;0;0;0;0;0;0;0;0;0;6;6;0;0;0;0;0;0;0;42;2250;42;0;0
11;1101;110104;1;1;5;18;2;0;0;0;0;0;0;0;0;3;3;0;0;0;0;0;0;0;0;0;0;0;0;0;0;0;0;0;0;0;0;0;0;0;0;0;0;0;0;0;0;12;12;15;15;2;3;0;0;0;0;0;1412;5475;590;0;5
17;1701;170114;1;16;2;18;2;0;0;0;0;0;0;0;0;0;0;0;0;0;0;38;38;0;0;0;0;0;0;0;0;0;0;0;0;0;0;0;0;0;0;0;0;0;0;0;0;0;0;38;38;2;0;0;0;0;0;4;15222;13870;274;0;0
17;1701;170101;1;12;3;18;2;0;0;0;0;0;0;0;0;0;0;0;0;0;0;26;26;0;0;0;0;0;0;0;0;0;0;0;0;0;0;0;0;0;0;0;0;0;0;62;79;0;0;88;105;0;0;0;0;0;0;0;16078;38396;380;5;102
09;0901;090106;1;1;5;18;2;0;0;0;0;0;0;0;0;0;0;0;0;0;0;0;0;0;0;0;0;0;0;0;0;0;0;0;0;0;0;0;0;0;0;0;0;0;0;0;0;10;10;10;10;0;0;0;0;0;0;0;349;3650;91;0;0
09;0901;090104;1;32;1;18;2;0;0;0;0;0;0;0;0;0;0;0;0;0;0;0;0;0;0;0;0;0;0;0;0;0;0;0;0;0;0;0;0;0;0;0;0;0;0;0;0;8;8;8;8;1;1;0;0;0;0;0;148;2920;52;0;3
17;1701;170121;1;12;3;18;2;0;0;0;0;0;0;0;0;2;2;0;0;0;0;0;0;0;0;0;0;0;0;0;0;0;0;0;0;0;0;0;0;0;0;0;0;0;0;0;0;13;13;15;15;0;5;0;0;0;0;0;1604;5599;293;7;24
17;1701;170113;1;12;3;18;2;0;0;0;0;0;0;0;0;0;0;0;0;0;0;0;0;0;0;0;0;0;0;0;0;0;0;0;0;0;0;0;0;0;0;0;0;0;0;0;0;21;21;21;21;0;5;0;0;1;0;0;6149;7665;1421;1;0
08;0801;080103;1;12;3;18;2;0;0;0;0;0;0;1;1;0;0;0;0;0;0;0;0;0;0;0;0;0;0;0;0;0;0;0;0;0;0;0;0;0;0;0;0;0;0;0;0;10;10;11;11;0;1;0;0;1;0;0;171;4015;122;0;0
07;0701;070102;1;1;5;18;2;1;1;5;5;2;2;0;0;0;0;0;0;0;0;0;0;0;0;0;0;0;0;0;0;0;0;0;0;0;0;0;0;0;0;0;0;0;0;0;0;0;0;8;8;0;0;0;0;1;1;0;205;2920;104;0;0
17;1701;170124;1;12;3;18;2;0;0;0;0;0;0;0;0;8;8;0;0;0;0;0;0;0;0;0;0;0;0;0;0;0;0;0;0;0;0;0;0;0;0;0;0;0;0;0;0;10;10;18;18;0;0;0;0;0;0;0;889;6570;771;2;0
23;2301;230101;1;32;1;18;2;0;0;0;0;0;5;0;0;0;0;0;0;0;0;0;0;0;0;0;0;0;0;0;0;0;0;0;0;0;0;0;0;0;0;0;0;0;0;0;0;0;5;0;10;0;0;0;0;0;0;0;126;2730;118;0;0
09;0901;090112;1;1;5;18;2;0;0;0;0;0;0;0;0;0;0;0;0;0;0;0;0;0;0;0;0;0;0;0;0;0;0;0;0;0;0;0;0;0;0;0;0;0;0;0;0;24;24;24;24;4;0;0;0;0;0;24;5512;8760;2426;0;0
09;0907;090701;1;32;1;18;2;9;9;0;0;0;0;0;0;3;3;0;0;0;0;0;0;0;0;0;0;0;0;0;0;0;0;0;0;0;0;0;0;0;0;0;0;0;0;0;0;0;0;12;12;2;0;0;0;0;1;0;265;4380;140;2;0
08;0804;080450;1;12;3;18;2;0;0;0;0;0;0;0;0;0;0;0;0;0;0;0;0;0;0;0;0;0;0;0;0;0;0;0;0;0;0;0;0;0;0;0;0;0;0;0;0;11;11;11;11;3;0;0;0;0;0;2;1124;4015;557;0;0
17;1701;170101;1;12;3;18;2;0;0;0;0;0;0;0;0;0;0;0;0;0;0;0;0;0;0;0;0;0;0;0;0;0;0;0;0;0;0;0;0;0;0;0;0;0;0;0;0;10;10;10;10;0;0;0;0;0;0;0;981;3650;512;2;0
09;0901;090107;1;1;5;18;2;0;0;0;0;0;0;0;0;0;0;0;0;0;0;0;0;0;0;0;0;0;0;0;0;0;0;0;0;0;0;0;0;0;0;0;0;0;0;0;0;12;12;12;12;2;0;0;0;0;0;2;66;4380;47;0;0
13;1301;130108;1;17;1;18;2;2;2;0;0;3;3;4;4;0;2;2;2;0;0;0;0;2;2;2;2;0;0;0;0;2;2;2;2;0;0;0;0;0;0;0;0;0;0;5;5;0;0;24;26;6;7;5;4;2;3;1;1091;9697;600;5;3
09;0906;090601;1;1;5;18;2;4;4;0;0;8;8;0;0;0;0;0;0;0;0;0;0;0;0;0;0;0;0;0;0;0;0;0;0;0;0;0;0;0;0;0;0;0;0;0;0;0;0;12;12;0;0;0;0;0;0;0;878;4404;839;0;0
09;0901;090101;1;2;1;18;2;0;0;3;3;0;0;0;0;0;0;0;0;0;0;0;0;0;0;0;0;0;0;0;0;0;0;0;0;0;0;0;0;0;0;0;0;0;0;0;0;12;12;15;15;3;0;0;0;0;0;1;867;5475;564;4;12
11;1101;110101;1;1;5;18;2;0;0;0;0;0;0;0;0;2;2;0;0;0;0;0;0;0;0;0;0;0;0;0;0;0;0;0;0;0;0;0;0;0;0;0;0;0;0;0;0;15;15;17;17;5;0;0;0;0;1;0;1680;6205;873;4;3
09;0901;090107;1;32;1;18;2;0;0;0;0;0;0;0;0;0;0;0;0;0;0;0;0;0;0;0;0;0;0;0;0;0;0;0;0;0;0;0;0;0;0;0;0;0;0;0;0;4;4;4;4;0;0;0;0;0;0;0;30;1460;17;0;1
09;0901;090108;1;1;5;18;2;0;3;0;1;0;3;0;0;0;0;0;0;0;0;0;0;0;0;0;0;0;0;0;0;0;0;0;0;0;0;0;0;0;0;0;0;0;0;0;0;0;1;0;8;0;0;0;0;0;0;0;197;2913;107;1;2
11;1101;110102;1;1;5;18;2;0;0;0;0;0;0;0;0;0;0;0;0;0;0;0;0;0;0;0;0;0;0;0;0;0;0;0;0;0;0;0;0;0;0;0;0;0;0;0;0;0;16;0;16;3;1;0;0;0;0;0;1177;5840;644;2;5
09;0901;090102;1;32;1;18;2;3;1;4;1;6;1;0;0;8;1;0;0;0;0;0;0;0;0;0;0;0;0;0;0;0;0;0;0;0;0;0;0;0;0;0;0;0;0;0;0;0;0;21;4;0;0;0;0;0;0;0;354;7687;176;0;0
01;0103;010350;1;1;5;18;2;0;0;0;0;0;0;0;0;0;0;0;0;0;0;0;0;0;0;0;0;0;0;0;0;0;0;0;0;0;0;0;0;0;0;0;0;0;0;0;0;7;7;7;7;1;0;0;0;0;1;0;812;2555;456;0;0
11;1101;110104;1;1;5;18;2;0;0;0;0;0;0;0;0;0;0;0;0;0;0;0;0;0;0;0;0;0;0;0;0;0;0;0;0;0;0;0;0;0;0;0;0;0;0;0;0;9;9;9;9;1;0;0;0;0;1;0;34;3285;24;0;0
23;2301;230107;1;32;1;18;2;0;0;2;2;4;4;0;0;0;0;0;0;0;0;0;0;0;0;0;0;0;0;0;0;0;0;0;0;0;0;0;0;0;0;0;0;0;0;0;0;0;0;6;6;0;0;0;0;0;0;0;100;421;100;0;0
09;0906;090650;1;1;5;18;2;9;9;2;2;1;1;0;0;5;5;0;0;0;0;0;0;0;0;0;0;0;0;0;0;0;0;0;0;0;0;0;0;0;0;0;0;0;0;0;0;0;0;17;17;4;0;0;0;0;0;0;469;6205;439;0;0
09;0901;090112;1;32;1;18;2;0;0;0;0;0;0;0;0;0;0;0;0;0;0;0;0;0;0;0;0;0;0;0;0;0;0;0;0;0;0;0;0;0;0;0;0;0;0;0;0;9;9;9;9;0;0;0;0;0;0;0;13;3285;5;0;0
11;1102;110201;1;12;3;18;2;5;5;2;2;2;2;1;1;4;4;0;0;2;2;0;0;1;1;0;0;0;0;0;0;0;0;0;0;0;0;0;0;0;0;0;0;0;0;0;0;0;0;17;17;1;0;0;0;0;0;0;406;6205;252;2;2
13;1308;130804;1;12;3;18;2;1;1;0;0;2;2;0;0;0;0;0;0;0;0;0;0;0;0;0;0;0;0;0;0;4;4;0;0;0;0;0;0;0;0;0;0;0;0;0;0;0;0;7;7;0;0;0;0;0;0;0;93;2632;77;0;0
09;0901;090108;1;1;5;18;2;0;0;0;0;0;0;0;0;0;0;0;0;0;0;0;0;0;0;0;0;0;0;0;0;0;0;0;0;0;0;0;0;0;0;0;0;0;0;0;0;12;14;12;14;0;0;0;0;0;0;0;870;4988;220;0;4
23;2301;230106;1;32;1;18;2;0;0;0;0;0;0;0;0;0;0;0;0;0;0;0;0;0;0;0;0;0;0;0;0;0;0;0;0;0;0;0;0;0;0;0;0;0;2;0;0;0;4;0;6;0;0;0;0;0;0;0;234;2084;233;1;0
18;1801;180104;1;12;3;18;2;4;4;2;2;4;4;2;2;0;0;0;0;0;0;0;0;0;0;0;0;0;0;0;0;0;0;0;0;0;0;0;0;0;0;0;0;0;0;0;0;10;10;22;22;1;0;0;0;1;0;0;637;8030;391;1;0
24;2402;240250;1;1;5;17;3;12;12;3;3;3;3;0;0;0;0;0;0;0;0;0;0;0;0;0;0;0;0;0;0;0;0;0;0;0;0;0;0;0;0;0;0;0;0;0;0;0;0;18;18;0;0;0;0;0;0;0;456;6570;239;0;0
09;0912;091250;1;1;5;18;2;11;11;2;2;0;0;0;0;0;0;0;0;0;0;0;0;0;0;0;0;0;0;0;0;0;0;0;0;0;0;0;0;0;0;0;0;0;0;0;0;13;1;26;14;0;0;0;0;0;0;0;2186;4687;878;1;0
01;0101;010114;1;12;3;18;2;0;0;0;0;0;0;0;0;0;0;0;0;0;0;0;0;0;0;0;0;0;0;0;0;0;0;0;0;0;0;0;0;0;0;0;0;0;0;0;0;0;5;0;5;1;0;0;0;0;1;0;163;1970;55;0;1
24;2403;240352;2;1;5;18;2;15;15;2;2;3;3;0;0;1;1;0;0;0;0;0;0;0;0;0;0;0;0;0;0;0;0;0;0;0;0;0;0;0;0;0;0;0;0;0;0;0;0;21;21;0;0;0;0;0;0;0;734;7665;629;0;0
17;1703;170350;1;12;3;18;2;0;0;0;0;0;0;0;0;0;0;0;0;0;0;0;0;0;0;0;0;0;0;0;0;0;0;0;0;0;0;0;0;0;0;0;0;0;0;0;0;5;5;5;5;0;0;0;0;0;0;0;58;1670;54;0;0
13;1308;130802;1;12;3;18;2;0;0;0;0;0;0;0;0;0;0;0;0;0;0;0;0;0;0;0;0;0;0;0;0;0;0;0;0;0;0;0;0;0;0;0;0;0;0;0;0;20;19;20;19;0;0;0;0;0;0;0;4341;6958;695;5;22
23;2301;230106;1;32;1;18;2;0;0;0;0;0;0;0;0;0;0;0;0;0;0;0;0;0;0;0;0;0;0;0;0;0;0;0;0;0;0;0;0;0;0;0;0;0;0;0;0;10;10;10;10;0;0;0;0;0;0;0;45;3700;19;0;0
09;0910;091050;1;1;5;18;2;0;0;0;0;1;1;3;3;0;0;0;0;0;0;0;0;0;0;0;0;0;0;0;0;0;0;0;0;0;0;0;0;0;0;0;0;0;0;0;0;0;9;4;13;2;0;0;0;0;1;1;568;5937;502;0;0
09;0911;091150;1;32;1;18;2;0;0;0;0;0;0;0;0;0;0;0;0;0;0;0;0;0;0;0;0;0;0;0;0;0;0;0;0;0;0;0;0;0;0;0;0;0;0;0;0;4;4;4;4;1;0;0;0;0;0;0;18;1456;17;0;0
17;1708;170850;1;1;5;17;3;0;0;0;0;4;4;4;4;2;2;0;0;0;0;0;0;0;0;0;0;0;0;0;0;0;0;0;0;0;0;0;0;0;0;0;0;0;0;0;0;13;13;23;23;5;0;0;0;0;0;0;1697;8395;571;0;2
17;1701;170112;1;12;3;18;2;0;0;0;0;0;0;0;0;0;0;0;0;0;0;0;0;0;0;0;0;0;0;0;0;0;0;0;0;0;0;0;0;0;0;0;0;0;0;0;0;9;9;9;9;0;0;0;0;0;0;0;1636;3078;588;0;0
17;1701;170130;1;12;3;18;2;0;0;0;0;0;0;0;0;0;11;0;0;0;0;0;0;0;0;0;0;0;0;0;0;0;0;0;0;0;0;0;0;0;0;0;0;0;0;0;0;13;17;13;28;2;7;0;0;0;0;0;10150;10110;1141;4;45
17;1701;170103;1;1;5;17;3;0;0;0;0;0;0;0;0;0;0;0;0;0;0;0;0;0;0;0;0;0;0;0;0;0;0;0;0;0;0;0;0;0;0;0;0;0;0;0;0;10;10;10;10;0;0;0;0;0;0;0;539;3650;481;0;0
09;0901;090114;1;11;1;18;2;0;0;0;0;0;0;0;0;0;0;0;0;0;0;0;0;0;0;0;0;0;0;0;0;0;0;0;0;0;0;0;0;0;0;0;0;0;0;0;0;131;131;131;131;0;0;0;0;0;0;0;30521;47695;7654;30;151
17;1701;170101;1;11;1;18;2;0;0;0;0;0;0;0;0;0;0;0;0;0;0;0;0;0;0;0;0;0;0;0;0;0;0;0;0;0;0;0;0;0;0;0;0;0;0;0;0;12;12;12;12;0;4;0;0;0;0;0;263;4380;110;0;1
06;0601;060103;1;2;1;3;1;15;15;4;4;6;6;5;5;0;0;0;0;0;0;0;0;5;5;0;0;0;0;0;0;0;0;0;0;0;0;0;0;0;0;0;0;0;0;0;0;0;0;35;35;3;0;0;0;0;3;0;2963;12775;936;0;1
16;1601;160150;1;1;5;3;1;12;12;4;4;4;4;3;3;0;0;0;0;0;0;0;0;0;0;0;0;0;0;0;0;0;0;0;0;0;0;0;0;0;0;0;0;0;0;0;0;0;0;23;23;2;0;0;0;0;0;0;324;8395;132;0;0
07;0709;070903;1;1;5;3;1;13;13;4;4;4;4;4;4;0;0;0;0;0;0;0;0;3;3;0;0;0;0;0;0;0;0;0;0;0;0;0;0;0;0;0;0;0;0;0;0;2;2;30;30;0;0;0;0;0;0;0;1260;10950;365;0;2
08;0801;080103;1;11;1;18;2;5;5;2;2;3;3;0;0;0;0;0;0;0;0;0;0;0;0;0;0;0;0;0;0;0;0;0;0;0;0;0;0;0;0;0;0;0;0;0;0;0;0;10;10;2;0;0;0;0;1;0;217;3650;171;0;0
12;1201;120102;1;1;5;18;2;0;0;0;0;0;0;0;0;0;0;0;0;0;0;0;0;0;0;0;0;0;0;0;0;0;0;0;0;0;0;0;0;0;0;0;0;0;0;0;0;27;0;27;0;0;0;0;0;0;0;0;641;9882;437;1;2
23;2301;230101;1;1;5;18;2;4;4;4;4;4;4;0;0;13;13;0;0;0;0;0;0;6;6;0;0;0;0;0;0;0;0;0;0;0;0;0;0;0;0;0;0;0;0;0;0;0;0;31;31;0;0;0;0;0;0;0;59;2621;29;0;0
13;1303;130301;1;1;5;18;2;0;0;0;0;0;0;0;0;0;0;0;0;0;0;0;0;0;0;0;0;0;0;0;0;0;0;0;0;0;0;0;0;0;0;0;0;0;0;0;0;8;8;8;8;0;0;0;0;0;0;0;296;2920;257;0;0
08;0806;080650;1;1;5;16;1;4;4;2;2;9;9;4;4;0;0;0;0;0;0;0;0;0;0;0;0;0;0;0;0;0;0;0;0;0;0;0;0;0;0;0;0;0;0;0;0;0;0;19;19;10;0;0;0;0;0;0;4853;6935;1995;0;1
15;1507;150750;1;1;5;1;1;11;11;7;7;10;10;3;3;0;0;0;0;0;0;0;0;0;0;0;0;0;0;0;0;0;0;0;0;0;0;0;0;0;0;0;0;0;0;0;0;0;0;31;31;6;0;0;0;0;0;0;3096;11232;977;2;7
18;1802;180250;1;1;5;1;1;11;11;5;5;7;7;5;5;0;0;0;0;0;0;0;0;0;0;0;0;0;0;0;0;0;0;0;0;0;0;0;0;0;0;0;0;0;0;0;0;0;0;28;28;19;0;0;0;0;0;0;4404;10220;1370;1;7
08;0802;080253;2;1;5;1;1;6;6;4;3;6;7;4;4;0;0;0;0;0;0;0;0;0;0;0;0;0;0;0;0;0;0;0;0;0;0;0;0;0;0;0;0;0;0;0;0;0;0;20;20;4;0;0;0;4;0;0;4561;7113;1600;2;1
03;0303;030350;1;1;5;1;1;18;16;7;9;9;12;16;13;0;0;0;0;0;0;0;0;0;0;0;0;0;0;0;0;0;0;0;0;0;0;0;0;0;0;0;0;0;0;0;0;0;0;50;50;4;0;0;0;0;0;0;8980;16774;3192;7;16
11;1109;110950;1;1;5;1;1;8;8;8;8;8;8;6;6;0;0;0;0;0;0;0;0;0;0;0;0;0;0;0;0;0;0;0;0;0;0;0;0;0;0;0;0;0;0;0;0;0;0;30;30;4;0;0;0;0;0;1;5037;10950;1786;7;9
06;0605;060550;1;1;5;1;1;6;6;2;2;3;3;4;4;0;0;0;0;0;0;0;0;0;0;0;0;0;0;0;0;0;0;0;0;0;0;0;0;0;0;0;0;0;0;0;0;0;0;15;15;2;0;0;0;0;0;0;3821;5475;1198;3;10
04;0403;040350;1;1;5;1;1;5;5;2;2;5;5;3;3;0;0;0;0;0;0;0;0;0;0;0;0;0;0;0;0;0;0;0;0;0;0;0;0;0;0;0;0;0;0;0;0;0;0;15;15;4;0;0;0;0;0;0;2796;5542;909;1;1
18;1807;180701;1;1;5;18;2;0;0;0;0;0;0;0;0;0;0;0;0;0;0;0;0;0;0;0;0;0;0;0;0;0;0;0;0;0;0;0;0;0;0;0;0;0;0;0;0;9;9;9;9;0;0;0;0;0;0;0;763;3285;342;1;0
13;1305;130550;1;1;5;1;1;13;13;5;5;7;7;7;7;0;0;0;0;0;0;0;0;0;0;0;0;0;0;0;0;0;0;0;0;0;0;0;0;0;0;0;0;0;0;0;0;0;0;32;32;4;0;0;0;0;0;0;6205;11680;2658;1;2
01;0103;010350;1;1;5;1;1;9;9;6;6;5;5;5;5;0;0;0;0;0;0;0;0;0;0;0;0;0;0;0;0;0;0;0;0;0;0;0;0;0;0;0;0;0;0;0;0;0;0;25;25;3;0;0;0;0;0;0;6922;10143;2716;7;21
24;2402;240250;1;1;5;1;1;3;3;3;3;9;9;7;7;0;0;0;0;0;0;0;0;0;0;0;0;0;0;0;0;0;0;0;0;0;0;0;0;0;0;0;0;0;0;0;0;0;0;22;22;6;0;0;0;0;2;0;6700;7857;2306;1;3
08;0802;080250;1;1;5;1;1;8;10;2;1;5;4;5;5;0;0;0;0;0;0;0;0;0;0;0;0;0;0;0;0;0;0;0;0;0;0;0;0;0;0;0;0;0;0;0;0;0;0;20;20;2;0;0;0;0;0;0;2874;7211;927;3;1
11;1108;110850;1;1;5;1;1;8;8;4;4;6;6;2;2;0;0;0;0;0;0;0;0;0;0;0;0;0;0;0;0;0;0;0;0;0;0;0;0;0;0;0;0;0;0;0;0;0;0;20;20;9;0;0;0;0;2;0;4040;7300;1452;4;4
17;1703;170350;1;1;5;1;1;1;1;4;4;7;7;3;3;0;0;0;0;0;0;0;0;0;0;0;0;0;0;0;0;0;0;0;0;0;0;0;0;0;0;0;0;0;0;0;0;0;0;15;15;14;0;0;0;0;0;0;5102;5778;2006;5;5
24;2401;240154;2;1;5;1;1;6;6;1;1;5;5;3;3;0;0;0;0;0;0;0;0;0;0;0;0;0;0;0;0;0;0;0;0;0;0;0;0;0;0;0;0;0;0;0;0;0;0;15;15;4;0;0;0;0;0;0;4197;5445;1703;2;0
14;1405;140550;1;1;5;1;1;6;6;2;2;5;5;6;6;0;0;0;0;0;0;0;0;0;0;0;0;0;0;0;0;0;0;0;0;0;0;0;0;0;0;0;0;0;0;0;0;0;0;19;19;0;0;0;0;0;0;0;5363;7115;1831;3;4
08;0803;080350;1;1;5;1;1;7;7;3;3;6;6;4;4;0;0;0;0;0;0;0;0;0;0;0;0;0;0;0;0;0;0;0;0;0;0;0;0;0;0;0;0;0;0;0;0;0;0;20;20;3;0;0;0;0;0;0;3893;7097;1341;0;0
09;0911;091150;1;1;5;1;1;3;3;2;2;6;6;4;4;0;0;0;0;0;0;0;0;0;0;0;0;0;0;0;0;0;0;0;0;0;0;0;0;0;0;0;0;0;0;0;0;0;0;15;15;7;0;0;0;0;0;2;3652;6028;1474;1;2
13;1310;131050;1;1;5;1;1;3;3;3;4;6;6;3;3;0;0;0;0;0;0;0;0;0;0;0;0;0;0;0;0;0;0;0;0;0;0;0;0;0;0;0;0;0;0;0;0;0;0;15;16;7;0;0;0;0;0;1;3171;5483;1476;1;3
18;1808;180850;1;1;5;1;1;6;6;2;2;9;9;3;3;0;0;0;0;0;0;0;0;0;0;0;0;0;0;0;0;0;0;0;0;0;0;0;0;0;0;0;0;0;0;0;0;0;0;20;20;2;0;0;0;0;0;2;2837;7300;988;3;3
12;1205;120507;1;1;5;1;1;19;19;14;14;25;25;13;13;0;0;0;0;0;0;0;0;0;0;0;0;0;0;0;0;0;0;0;0;0;0;0;0;0;0;0;0;0;0;0;0;0;0;71;71;21;0;0;0;0;18;0;27492;25918;8311;37;79
08;0804;080450;1;1;5;1;1;5;5;5;5;10;10;2;2;0;0;0;0;0;0;0;0;0;0;0;0;0;0;0;0;0;0;0;0;0;0;0;0;0;0;0;0;0;0;0;0;0;0;22;22;4;0;0;0;0;0;5;8303;8174;3359;2;0
05;0505;050550;1;1;5;1;1;3;3;3;3;7;7;2;2;0;0;0;0;0;0;0;0;0;0;0;0;0;0;0;0;0;0;0;0;0;0;0;0;0;0;0;0;0;0;0;0;0;0;15;15;4;0;0;0;0;0;0;2619;5520;1103;5;4
17;1705;170501;1;1;5;1;1;3;3;6;6;7;7;4;4;0;0;0;0;0;0;0;0;0;0;0;0;0;0;0;0;0;0;0;0;0;0;0;0;0;0;0;0;0;0;0;0;0;0;20;20;16;0;0;0;0;0;9;4663;7310;1854;0;1
01;0108;010850;1;1;5;1;1;6;6;3;3;3;3;3;3;0;0;0;0;0;0;0;0;0;0;0;0;0;0;0;0;0;0;0;0;0;0;0;0;0;0;0;0;0;0;0;0;0;0;15;15;4;0;0;0;0;0;3;3915;6212;1337;4;8
21;2104;210450;1;1;5;1;1;8;8;4;4;12;12;8;8;0;0;0;0;0;0;0;0;0;0;0;0;0;0;0;0;0;0;0;0;0;0;0;0;0;0;0;0;0;0;0;0;0;0;32;32;4;0;0;0;0;0;4;8720;11680;3185;9;7
05;0507;050750;1;1;5;1;1;6;6;7;7;10;10;5;5;0;0;0;0;0;0;0;0;0;0;0;0;0;0;0;0;0;0;0;0;0;0;0;0;0;0;0;0;0;0;0;0;0;0;28;28;14;0;0;0;0;0;5;1782;10220;527;0;3
14;1406;140650;1;1;5;1;1;16;15;8;8;14;14;12;12;0;0;0;0;0;0;0;0;0;0;0;0;0;0;0;0;0;0;0;0;0;0;0;0;0;0;0;0;0;0;0;0;0;0;50;49;0;0;0;0;0;0;0;11719;17838;3262;12;19
14;1409;140950;1;1;5;1;1;3;3;0;0;3;3;4;4;0;0;0;0;0;0;0;0;0;0;0;0;0;0;0;0;0;0;0;0;0;0;0;0;0;0;0;0;0;0;0;0;0;0;10;10;1;0;0;0;0;1;0;4321;3650;1218;0;1
09;0901;090158;2;1;5;1;1;6;6;0;0;5;5;4;4;0;0;0;0;0;0;0;0;0;0;0;0;0;0;0;0;0;0;0;0;0;0;0;0;0;0;0;0;0;0;0;0;0;0;15;15;0;0;0;0;0;0;0;1024;5475;529;0;0
12;1206;120651;2;1;5;1;1;6;6;2;2;8;8;9;9;0;0;0;0;0;0;0;0;0;0;0;0;0;0;0;0;0;0;0;0;0;0;0;0;0;0;0;0;0;0;0;0;0;0;25;25;8;0;0;0;0;0;2;6187;7012;2204;9;17
07;0713;071350;1;1;5;1;1;8;2;8;3;6;2;3;3;0;0;0;0;0;0;0;0;0;0;0;0;0;0;0;0;0;0;0;0;0;0;0;0;0;0;0;0;0;0;0;0;0;0;25;10;3;0;0;0;0;0;0;3127;2951;1217;5;3
09;0907;090701;1;1;5;6;1;7;20;18;53;6;10;0;0;0;0;0;0;0;0;0;0;0;0;0;0;0;0;0;0;0;0;0;0;0;0;0;0;0;0;0;0;0;0;0;0;0;0;31;83;0;0;0;0;0;0;0;5458;11090;2213;1;3
18;1808;180850;1;1;5;18;2;6;6;5;5;10;10;1;1;4;4;0;0;0;0;0;0;2;2;0;0;0;0;0;0;1;1;0;0;0;0;0;0;0;0;1;1;0;0;0;0;0;0;30;30;0;0;0;0;0;0;0;1193;10950;317;1;1
16;1601;160150;1;1;5;6;1;5;5;5;5;7;7;4;4;0;0;1;1;0;0;0;0;5;5;0;0;0;0;1;1;1;1;1;1;0;0;0;0;0;0;0;0;0;0;1;1;0;0;31;31;18;0;0;0;0;1;4;8093;11315;2348;1;2
08;0801;080102;1;1;5;6;1;0;0;0;0;0;0;4;4;4;4;0;0;0;0;0;0;0;0;0;0;0;0;0;0;0;0;0;0;0;0;0;0;0;0;0;0;0;0;0;0;43;43;51;51;0;0;0;0;0;0;0;12843;18615;3437;17;57
22;2201;220150;1;1;5;1;1;11;11;11;11;22;22;16;16;0;0;0;0;0;0;0;0;0;0;0;0;0;0;0;0;0;0;0;0;0;0;0;0;0;0;0;0;0;0;0;0;0;0;60;60;13;0;0;0;0;0;0;22277;25192;6089;10;31
12;1201;120102;1;1;5;18;2;0;0;0;0;0;0;0;0;0;0;0;0;0;0;0;0;0;0;0;0;0;0;0;0;0;0;0;0;0;0;0;0;0;0;0;0;0;0;0;0;19;19;19;19;0;0;0;0;0;0;0;976;7522;546;0;0
02;0201;020102;1;32;1;18;2;3;3;3;3;1;1;0;0;0;0;0;0;0;0;0;0;0;0;0;0;0;0;0;0;0;0;0;0;0;0;0;0;0;0;0;0;0;0;0;0;0;0;7;7;1;0;0;0;0;1;0;150;2555;79;0;1
12;1205;120501;1;1;5;18;2;0;0;0;0;2;2;3;3;0;0;0;0;0;0;1;1;0;0;0;0;0;0;0;0;0;0;0;0;0;0;0;0;0;0;0;0;0;0;0;0;20;20;26;26;0;0;0;0;0;0;0;749;20519;270;0;0
05;0501;050104;1;1;5;18;2;1;1;1;1;1;1;1;1;0;0;1;1;0;0;1;1;1;1;0;0;0;0;0;0;0;0;1;1;0;0;1;1;0;0;0;0;0;0;2;2;0;0;11;11;4;0;0;0;0;2;1;1405;4015;1035;0;1
18;1801;180104;1;1;5;18;2;0;0;0;0;0;0;0;0;0;0;0;0;0;0;0;0;0;0;0;0;0;0;0;0;0;0;0;0;0;0;0;0;0;0;0;0;0;0;0;0;12;12;12;12;0;0;0;0;0;0;0;369;4380;197;3;1
18;1808;180802;1;1;5;18;2;0;0;0;0;0;0;0;0;1;1;0;0;0;0;0;0;0;0;0;0;0;0;0;0;0;0;0;0;0;0;0;0;0;0;0;0;0;0;0;0;5;5;6;6;1;0;0;0;0;0;0;56;2190;36;0;0
06;0601;060104;1;1;5;18;2;9;9;1;1;1;1;1;1;6;6;2;2;0;0;0;0;0;0;0;0;0;0;0;0;0;0;0;0;0;0;0;0;0;0;0;0;0;0;0;0;0;0;20;20;2;0;0;0;9;0;1;290;7300;174;0;0
06;0601;060103;1;1;5;18;2;2;2;3;3;2;2;1;1;2;2;0;0;0;0;0;0;1;1;0;0;0;0;0;0;0;0;0;0;0;0;0;0;0;0;0;0;0;0;2;2;0;0;13;13;3;1;0;0;1;0;0;2197;4745;1203;2;5
23;2301;230102;1;1;5;18;2;0;0;0;0;0;0;0;0;3;3;0;0;0;0;0;0;0;0;0;0;0;0;0;0;0;0;0;0;0;0;0;0;0;0;0;0;0;0;0;0;6;6;9;9;3;0;0;0;0;0;0;448;3303;345;0;0
12;1205;120507;1;1;5;18;2;0;0;0;0;0;0;2;2;0;0;0;0;0;0;0;0;0;0;0;0;0;0;0;0;0;0;0;0;0;0;0;0;0;0;0;0;0;0;0;0;11;11;13;13;2;0;0;0;0;0;0;380;4745;377;0;0
18;1801;180102;1;1;5;18;2;0;0;0;0;0;0;0;0;0;0;0;0;0;0;0;0;0;0;0;0;0;0;0;0;0;0;0;0;0;0;0;0;0;0;0;0;0;0;0;0;5;5;5;5;0;0;0;0;0;0;0;74;1825;46;0;0
18;1801;180101;1;1;5;18;2;0;0;0;0;0;0;0;0;0;0;0;0;0;0;0;0;0;0;0;0;0;0;0;0;0;0;0;0;0;0;0;0;0;0;0;0;0;0;0;0;15;15;15;15;0;0;0;0;0;0;0;636;5475;331;0;1
05;0501;050104;1;1;5;18;2;0;0;0;0;0;0;0;0;0;0;0;0;0;0;0;0;0;0;0;0;0;0;0;0;0;0;0;0;0;0;0;0;0;0;0;0;0;0;0;0;4;4;4;4;0;0;0;1;1;1;0;336;1460;241;0;1
05;0502;050202;1;1;5;18;2;0;0;0;0;0;0;0;0;0;0;0;0;0;0;0;0;0;0;0;0;0;0;0;0;0;0;0;0;0;0;0;0;0;0;0;0;0;0;0;0;10;10;10;10;0;0;0;0;0;0;0;903;3650;347;1;0
05;0501;050104;1;1;5;18;2;2;2;3;3;3;3;1;1;0;0;0;0;0;0;0;0;1;1;0;0;0;0;0;0;0;0;0;0;0;0;0;0;0;0;0;0;0;0;0;0;0;0;10;10;4;0;0;0;0;3;2;571;3650;183;1;1
05;0504;050450;1;1;5;18;2;0;0;0;0;0;0;0;0;0;0;0;0;0;0;0;0;0;0;0;0;0;0;0;0;0;0;0;0;0;0;0;0;0;0;0;0;0;0;0;0;6;6;6;6;0;0;0;0;0;0;0;356;2098;243;1;1
18;1801;180103;1;1;5;18;2;2;2;2;2;1;1;1;1;0;0;0;0;0;0;0;0;2;2;0;0;0;0;2;2;2;2;2;2;0;0;2;2;0;0;0;0;0;0;0;0;0;0;16;16;0;0;0;0;0;0;0;146;5840;101;1;0
18;1801;180107;1;1;5;18;2;0;0;0;0;0;0;0;0;0;0;0;0;0;0;0;0;0;0;0;0;0;0;0;0;0;0;0;0;0;0;0;0;0;0;0;0;0;0;0;0;16;16;16;16;0;0;0;0;0;0;0;83;5840;39;0;0
23;2301;230107;1;1;5;18;2;0;0;0;0;0;0;4;2;0;0;0;0;0;0;0;0;0;0;0;0;0;0;0;0;0;0;0;0;0;0;0;0;0;0;0;0;0;0;0;0;18;11;22;13;0;0;0;0;0;0;0;1122;4590;908;0;0
05;0505;050550;1;1;5;18;2;0;0;0;0;0;0;0;0;0;0;0;0;0;0;0;0;0;0;0;0;0;0;0;0;0;0;0;0;0;0;0;0;0;0;0;0;0;0;0;0;4;4;4;4;0;0;0;0;0;0;0;130;1460;72;2;0
12;1205;120507;1;1;5;18;2;8;8;8;8;11;11;4;4;2;2;0;0;0;0;0;0;1;1;0;0;0;0;0;0;0;0;0;0;0;0;0;0;0;0;0;0;0;0;0;0;0;0;34;34;3;10;5;0;0;0;0;504;18978;319;0;0
13;1315;131550;1;12;3;18;2;0;0;0;0;0;0;0;0;0;0;0;0;0;0;0;0;0;0;0;0;0;0;0;0;0;0;0;0;0;0;0;0;0;0;0;0;0;0;0;0;0;7;0;7;0;0;0;0;0;0;0;554;2548;521;0;0
05;0504;050458;2;1;5;16;1;14;14;0;0;6;6;9;9;0;0;0;0;0;0;0;0;0;0;6;5;0;0;0;0;0;0;0;0;0;0;0;0;0;0;0;0;0;0;0;0;0;0;35;34;0;0;0;0;0;0;0;3107;12775;1080;1;7
24;2402;240250;1;1;5;18;2;17;17;2;2;2;2;2;2;0;0;3;3;0;0;0;0;1;1;0;0;0;0;0;0;0;0;0;0;0;0;0;0;0;0;0;0;0;0;0;0;0;0;27;27;0;0;0;0;0;0;0;498;1917;271;7;0
09;0921;092150;1;2;1;18;2;0;0;0;0;0;0;5;5;0;0;0;0;0;0;0;0;30;30;0;0;0;0;0;0;0;0;0;0;0;0;0;0;0;0;0;0;0;0;0;0;0;0;35;35;4;1;0;0;0;0;0;6508;12845;1411;1;0
09;0916;091602;1;11;1;18;2;13;13;5;5;0;0;9;9;0;0;0;0;0;0;0;0;0;0;0;0;0;0;0;0;0;0;0;0;0;0;0;0;0;0;0;0;0;0;0;0;0;0;27;27;0;0;0;0;0;0;0;3700;9855;1519;2;7
09;0901;090112;1;2;1;18;2;44;44;0;0;13;13;0;0;16;16;10;10;0;0;0;0;8;8;2;2;0;0;5;5;9;9;7;7;0;0;0;0;0;0;0;0;0;0;0;0;0;0;114;114;0;0;0;0;0;0;0;14243;41610;3832;7;64
12;1201;120153;2;12;3;18;2;0;0;0;0;2;2;0;0;0;0;0;0;0;0;0;0;0;0;0;0;0;0;0;0;0;0;0;0;0;0;0;0;0;0;0;0;0;0;0;0;0;0;2;2;0;0;0;0;0;0;0;27;732;21;0;0
09;0901;090112;1;1;5;18;2;0;1;4;5;6;6;0;0;0;0;0;0;0;0;0;0;20;20;0;0;0;0;0;0;0;0;0;0;0;0;0;0;0;0;0;0;0;0;0;0;3;3;33;35;0;0;0;0;0;0;0;171;12372;116;0;0
09;0901;090112;1;11;1;18;2;19;30;12;30;6;25;4;12;11;12;6;5;4;2;2;0;6;6;6;5;2;2;2;4;2;4;4;2;2;0;2;0;4;0;2;0;2;0;0;0;0;0;98;139;15;45;4;11;7;8;0;43094;57833;6058;44;267
09;0901;090101;1;2;1;18;2;6;6;5;5;0;0;0;0;0;0;0;0;0;0;0;0;3;5;0;0;0;0;0;0;5;3;0;0;0;0;0;0;0;0;0;0;0;0;0;0;0;0;19;19;0;7;0;0;0;0;2;4491;6935;1040;10;50
09;0910;091050;1;1;5;18;2;0;0;0;0;0;0;0;0;5;5;0;0;0;0;0;0;0;0;0;0;0;0;0;0;0;0;0;0;0;0;0;0;0;0;0;0;0;0;0;0;5;5;10;10;0;0;0;0;0;0;0;113;3640;88;0;0
12;1201;120102;1;1;5;18;2;4;4;6;6;3;3;2;2;7;7;0;0;0;0;0;0;4;4;0;0;0;0;0;0;0;0;0;0;0;0;0;0;0;0;0;0;0;0;0;0;8;8;34;34;5;10;0;0;4;3;0;8272;12005;1096;9;86
17;1701;170130;1;11;1;6;1;12;13;41;41;64;64;19;19;26;36;17;14;28;28;10;10;53;53;18;18;8;8;10;10;33;33;23;23;10;10;30;30;24;24;22;22;12;12;117;135;0;0;577;603;45;35;7;15;20;24;109;204994;220141;26206;16;299
12;1207;120750;1;32;1;18;2;0;0;0;0;0;0;1;1;0;0;0;0;0;0;0;0;0;0;0;0;0;0;0;0;0;0;0;0;0;0;0;0;0;0;0;0;0;0;0;0;16;8;17;9;0;0;0;0;0;0;0;599;2981;521;0;0
01;0101;010109;1;11;1;6;1;19;19;29;29;24;24;21;21;16;16;24;24;5;5;0;0;15;15;14;13;1;1;6;6;11;11;12;12;0;0;15;15;8;8;27;27;13;13;23;23;0;0;283;282;29;10;4;0;1;11;29;85568;101613;19295;212;363
17;1701;170152;2;1;5;18;2;0;0;2;2;0;0;0;0;0;0;0;0;0;0;0;0;0;0;0;0;0;0;0;0;0;0;0;0;0;0;0;0;0;0;0;0;0;0;0;0;0;0;2;2;2;0;0;0;1;2;0;163;730;140;0;0
13;1301;130106;1;11;1;1;1;80;80;0;0;0;0;40;40;0;0;0;0;0;0;0;0;0;0;0;0;0;0;0;0;0;0;0;0;0;0;0;0;0;0;0;0;0;0;0;0;0;0;120;120;0;0;0;0;0;0;0;12088;43800;1720;5;18
17;1701;170101;1;11;1;9;1;0;0;0;0;0;0;0;0;4;4;0;0;0;0;0;0;0;0;0;0;0;0;0;0;0;0;0;0;0;0;0;0;0;0;0;0;0;0;0;0;69;81;73;85;11;9;0;0;0;0;0;20914;30877;3978;9;69
17;1701;170128;1;2;1;18;2;0;0;0;0;0;0;0;0;4;4;0;0;0;0;0;0;0;0;0;0;0;0;0;0;0;0;0;0;0;0;0;0;0;0;0;0;0;0;0;0;18;18;22;22;6;4;0;3;0;0;0;973;8030;435;1;4
12;1205;120507;1;32;1;18;2;0;0;0;0;2;2;0;0;2;2;0;0;0;0;0;0;0;0;0;0;0;0;0;0;0;0;0;0;0;0;0;0;0;0;0;0;0;0;0;0;3;3;7;7;2;1;1;0;0;1;0;130;2555;77;0;0
12;1205;120501;1;32;1;18;2;0;0;0;0;3;3;1;1;0;0;0;0;0;0;0;0;0;0;0;0;0;0;0;0;0;0;0;0;0;0;0;0;0;0;0;0;0;0;0;0;0;0;4;4;0;0;0;0;0;0;0;47;1400;46;0;0
02;0201;020102;1;1;5;18;2;2;2;2;2;2;2;0;0;3;2;0;0;0;0;0;0;0;0;0;0;0;0;0;0;0;0;0;0;0;0;0;0;0;0;0;0;1;1;0;0;0;0;10;9;0;0;0;0;0;0;0;445;1095;106;0;0
12;1201;120101;1;32;1;18;2;0;0;0;0;5;5;0;0;0;0;0;0;0;0;0;0;0;0;0;0;0;0;0;0;0;0;0;0;0;0;0;0;0;0;0;0;0;0;0;0;0;0;5;5;0;0;0;0;0;0;0;41;2006;41;2;0
12;1205;120550;1;32;1;18;2;0;0;0;0;0;0;0;0;4;4;0;0;0;0;0;0;0;0;0;0;0;0;0;0;0;0;0;0;0;0;0;0;0;0;0;0;0;0;0;0;8;8;12;12;0;0;0;0;0;0;0;529;4380;440;0;0
07;0702;070250;1;12;3;18;2;4;4;1;1;0;0;0;0;0;0;0;0;0;0;0;0;0;0;0;0;0;0;0;0;0;0;0;0;0;0;0;0;0;0;0;0;0;0;0;0;0;0;5;5;0;0;0;0;0;0;0;139;1825;70;0;1
21;2101;210150;1;12;3;18;2;4;4;1;1;1;1;1;1;0;0;0;0;0;0;0;0;0;0;0;0;0;0;0;0;0;0;0;0;0;0;0;0;0;0;0;0;0;0;0;0;0;0;7;7;2;0;0;0;0;0;0;57;2562;54;0;0
12;1205;120501;1;32;1;18;2;9;9;1;1;1;2;3;2;0;0;0;0;0;0;0;0;0;0;0;0;0;0;0;0;0;0;0;0;0;0;0;0;0;0;0;0;0;0;0;0;0;0;14;14;2;0;0;0;0;2;0;59;4567;28;3;0
12;1201;120102;1;32;1;18;2;6;6;5;5;2;2;3;3;3;3;0;0;0;0;0;0;0;0;0;0;0;0;0;0;0;0;0;0;0;0;0;0;0;0;0;0;0;0;0;0;0;0;19;19;0;0;0;0;0;0;0;1189;6633;659;0;4
12;1205;120502;1;32;1;18;2;0;0;0;0;0;0;0;0;0;0;0;0;0;0;0;0;0;0;0;0;0;0;0;0;0;0;0;0;0;0;0;0;0;0;0;0;0;0;0;0;10;10;10;10;0;0;0;0;0;0;0;53;3650;50;0;0
12;1201;120102;1;32;1;18;2;0;0;0;0;0;0;0;0;0;0;0;0;0;0;0;0;0;0;0;0;0;0;0;0;0;0;0;0;0;0;0;0;0;0;0;0;0;0;0;0;9;9;9;9;0;0;0;0;0;0;0;75;3285;54;0;0
12;1205;120506;1;32;1;18;2;0;0;0;0;7;7;1;1;0;0;0;0;0;0;0;0;0;0;0;0;0;0;0;0;0;0;0;0;0;0;0;0;0;0;0;0;0;0;0;0;0;0;8;8;0;0;0;0;0;0;0;120;3373;82;3;0
09;0908;090850;1;32;1;18;2;0;0;0;0;0;0;0;0;4;4;0;0;0;0;0;0;0;0;0;0;0;0;0;0;0;0;0;0;0;0;0;0;0;0;0;0;0;0;0;0;5;5;9;9;0;0;0;0;0;0;0;24;639;23;0;0
12;1207;120750;1;32;1;18;2;4;4;3;3;2;2;2;1;5;5;0;0;0;0;0;0;0;0;0;0;0;0;0;0;0;0;0;0;0;0;0;0;0;0;0;0;0;0;0;0;0;0;16;15;0;0;0;0;0;0;0;485;5656;342;0;0
23;2301;230106;1;32;1;18;2;0;0;0;0;0;0;0;0;0;0;0;0;0;0;0;0;0;0;0;0;0;0;0;0;0;0;0;0;0;0;0;0;0;0;0;0;0;0;0;0;10;10;10;10;0;0;0;0;0;0;0;17;3650;15;0;0
09;0908;090850;1;32;1;18;2;2;2;4;4;4;4;0;0;0;0;0;0;0;0;0;0;0;0;0;0;0;0;0;0;0;0;0;0;0;0;0;0;0;0;0;0;0;0;0;0;0;0;10;10;2;0;0;0;0;1;0;322;3650;309;1;0
12;1210;121050;1;32;1;18;2;0;0;0;0;1;1;1;1;1;1;0;0;0;0;0;0;0;0;0;0;0;0;0;0;0;0;0;0;0;0;0;0;0;0;0;0;0;0;0;0;13;13;16;16;1;0;0;0;0;0;0;225;5990;225;0;0
23;2302;230250;1;32;1;18;2;0;0;0;0;0;0;0;0;0;0;0;0;0;0;0;0;0;0;0;0;0;0;0;0;0;0;0;0;0;0;0;0;0;0;0;0;0;0;0;0;3;3;3;3;1;0;0;0;0;1;0;126;1071;90;10;0
23;2301;230106;1;32;1;18;2;0;0;0;0;0;0;0;0;0;0;0;0;0;0;0;0;0;0;0;0;0;0;0;0;0;0;0;0;0;0;0;0;0;0;0;0;0;0;0;0;5;5;5;5;0;0;0;0;0;0;0;39;1825;39;0;0
12;1205;120506;1;32;1;17;3;0;0;2;2;12;12;2;2;0;0;0;0;0;0;0;0;0;0;0;0;0;0;0;0;0;0;0;0;0;0;0;0;0;0;0;0;0;0;0;0;0;0;16;16;0;0;0;0;0;0;0;519;8160;516;0;0
12;1205;120550;1;32;1;18;2;0;0;0;0;4;4;0;0;2;2;0;0;0;0;0;0;0;0;0;0;0;0;0;0;0;0;0;0;0;0;0;0;0;0;0;0;0;0;0;0;0;0;6;6;0;0;0;0;0;0;0;86;2190;86;0;0
12;1207;120750;1;32;1;18;2;0;0;0;0;0;0;0;0;0;0;0;0;0;0;0;0;0;0;0;0;0;0;0;0;0;0;0;0;0;0;0;0;0;0;0;0;0;0;0;0;10;10;10;10;0;0;0;0;0;0;0;68;3650;65;0;0
12;1210;121050;1;32;1;18;2;0;0;0;0;0;0;0;0;0;0;0;0;0;0;0;0;0;0;0;0;0;0;0;0;0;0;0;0;0;0;0;0;0;0;0;0;0;0;0;0;0;16;0;16;2;0;0;0;0;0;0;386;5840;293;0;0
12;1205;120502;1;32;1;18;2;0;0;0;0;0;0;2;2;0;0;0;0;0;0;0;0;0;0;0;0;0;0;0;0;0;0;0;0;0;0;0;0;0;0;0;0;0;0;0;0;10;10;12;12;2;0;0;0;0;0;0;124;4380;66;0;0
23;2301;230105;1;32;1;18;2;0;0;0;0;0;0;0;0;0;0;0;0;0;0;0;0;0;0;0;0;0;0;0;0;0;0;0;0;0;0;0;0;0;0;0;0;0;0;0;0;6;2;6;2;0;0;0;0;0;0;0;2;2212;2;0;0
12;1204;120450;1;32;1;18;2;0;0;0;0;0;4;0;3;0;1;0;0;0;0;0;0;0;0;0;0;0;0;0;0;0;0;0;0;0;0;0;0;0;0;0;0;0;0;0;0;0;3;0;11;0;0;0;0;0;0;0;96;3650;96;0;0
12;1210;121050;1;32;1;18;2;0;0;1;1;1;1;1;1;0;0;0;0;0;0;0;0;0;0;0;0;0;0;0;0;0;0;0;0;0;0;0;0;0;0;0;0;0;0;0;0;11;11;14;14;0;0;0;0;0;0;0;544;5101;281;23;2
13;1304;130401;1;32;1;18;2;0;0;0;0;0;0;0;0;0;0;0;0;0;0;0;0;0;0;0;0;0;0;0;0;0;0;0;0;0;0;0;0;0;0;0;0;0;0;0;0;3;3;3;3;0;0;0;0;0;0;0;180;1095;142;0;0
09;0920;092050;1;32;1;18;2;7;7;2;2;3;3;1;1;2;2;0;0;0;0;0;0;0;0;0;0;0;0;0;0;0;0;0;0;0;0;0;0;0;0;0;0;0;0;0;0;0;0;15;15;0;0;0;0;0;0;0;135;5515;105;0;0
12;1205;120504;1;32;1;18;2;7;7;2;2;1;1;0;0;3;3;0;0;0;0;0;0;0;0;0;0;0;0;0;0;1;1;0;0;0;0;0;0;0;0;0;0;0;0;0;0;0;0;14;14;0;0;0;0;0;0;0;251;7378;146;0;0
07;0701;070104;1;12;3;18;2;0;0;0;0;0;0;0;0;0;0;0;0;0;0;0;0;0;0;0;0;0;0;0;0;0;0;0;0;0;0;0;0;0;0;0;0;0;0;0;0;6;6;6;6;0;0;0;0;0;1;0;244;2190;240;0;0
01;0101;010108;1;2;1;18;2;0;0;0;0;0;0;0;0;0;0;0;0;0;0;0;0;0;0;0;0;0;0;0;0;0;0;0;0;0;0;0;0;0;0;0;0;0;0;0;0;42;42;42;42;6;8;4;9;0;3;1;6729;15330;2414;0;15
09;0901;090114;1;1;5;17;3;0;0;0;0;0;0;0;0;0;0;0;0;0;0;0;0;0;0;0;0;0;0;0;0;0;0;0;0;0;0;0;0;0;0;0;0;0;0;0;0;24;24;24;24;9;0;0;0;0;0;0;1846;8220;711;0;4
17;1701;170155;2;2;1;1;1;53;53;42;42;34;34;28;28;15;15;0;0;0;0;0;0;0;0;0;0;0;0;0;0;0;0;0;0;0;0;0;0;0;0;0;0;0;0;0;0;0;0;172;172;48;17;0;0;0;0;0;53050;62780;11900;49;136
07;0701;070102;1;1;5;17;3;0;0;0;0;3;3;6;6;0;0;0;0;0;0;0;0;0;0;0;0;0;0;0;0;0;0;0;0;0;0;0;0;0;0;0;0;0;0;0;0;27;27;36;36;3;4;0;0;2;2;1;2603;13140;1087;2;10
18;1801;180105;1;2;1;1;1;73;57;75;59;58;49;40;39;30;21;0;0;0;0;0;0;20;20;0;0;0;0;0;0;0;0;0;0;0;0;0;0;0;0;0;0;0;0;0;0;0;0;296;245;21;4;0;0;0;0;0;80401;87849;15586;72;321
12;1201;120101;1;2;1;6;1;20;27;29;11;20;30;20;19;0;0;2;2;0;0;0;0;10;10;0;0;0;0;1;1;6;6;9;6;0;0;6;4;1;1;4;4;0;0;0;0;0;0;128;121;22;9;0;17;0;13;0;35039;44186;6666;1;74
23;2301;230106;1;2;1;18;2;3;3;4;4;0;0;0;0;2;2;0;0;0;0;0;0;5;5;0;0;0;0;0;0;2;2;0;0;0;0;0;0;0;0;0;0;0;0;0;0;5;5;21;21;3;3;0;0;3;0;0;2907;7665;1589;6;0
17;1701;170107;1;2;1;1;1;52;49;74;70;52;54;50;50;21;21;0;0;0;0;0;0;36;36;12;10;0;0;0;0;10;10;0;0;0;0;0;0;0;0;0;0;0;0;22;24;0;0;329;324;33;7;0;0;0;0;0;85495;117893;14248;53;192
08;0801;080103;1;2;1;1;1;94;64;39;43;66;66;32;31;28;28;0;0;0;0;0;0;0;0;0;0;0;0;0;0;0;0;0;0;0;0;0;0;0;0;0;0;0;0;0;0;0;0;259;232;42;10;0;0;0;0;0;67236;84812;14842;83;239
09;0901;090114;1;2;1;1;1;114;116;119;116;94;95;43;44;17;25;0;0;31;35;0;0;0;0;0;0;0;0;0;0;0;0;0;0;0;0;0;0;0;0;0;0;0;0;0;0;0;0;418;431;54;30;3;20;0;0;16;96145;156978;21449;77;435
23;2301;230107;1;2;1;1;1;57;57;37;37;60;60;26;26;28;28;0;0;0;0;0;0;0;0;0;0;0;0;0;0;0;0;0;0;0;0;0;0;0;0;0;0;0;0;0;0;0;0;208;208;24;13;3;0;6;22;4;71942;72052;15030;46;260
10;1001;100150;1;2;1;6;1;30;30;38;38;20;20;28;28;6;6;0;0;0;0;0;0;30;30;0;0;0;0;0;0;0;0;0;0;0;0;0;0;0;0;0;0;0;0;10;10;0;0;162;162;25;6;0;0;5;0;26;31819;59130;7898;11;55
19;1901;190150;1;2;1;1;1;16;16;11;11;13;13;17;17;0;0;0;0;0;0;0;0;0;0;0;0;0;0;0;0;0;0;0;0;0;0;0;0;0;0;0;0;0;0;0;0;0;0;57;57;7;0;0;0;0;0;0;9970;20582;3518;7;2
05;0501;050104;1;2;1;1;1;37;37;59;59;59;59;27;27;24;24;0;0;0;0;0;0;27;27;0;0;0;0;0;0;0;0;0;0;4;4;15;10;0;0;0;0;0;0;0;0;0;0;252;247;33;12;0;0;10;0;0;46502;86925;10829;90;156
09;0910;091050;1;2;1;1;1;26;26;10;10;30;30;11;11;6;6;0;0;0;0;0;0;0;0;0;0;0;0;0;0;0;0;0;0;0;0;0;0;0;0;0;0;0;0;0;0;0;0;83;83;22;0;0;0;0;10;0;20048;30295;6716;9;64
04;0401;040102;1;2;1;1;1;25;22;25;20;56;46;40;20;16;15;0;0;0;0;0;0;0;0;0;0;0;0;0;0;0;0;0;0;0;0;0;0;0;0;0;0;0;0;0;0;0;0;162;123;21;4;0;0;0;0;0;29252;44772;7377;36;84
14;1401;140150;1;2;1;1;1;16;16;17;18;20;17;13;15;4;5;0;0;0;0;0;0;0;0;0;0;0;0;0;0;0;0;0;0;0;0;0;0;0;0;0;0;0;0;0;0;0;0;70;71;10;0;0;0;3;0;5;18330;24851;5062;34;34
13;1308;130802;1;2;1;6;1;0;0;0;0;0;0;0;0;0;0;0;0;0;0;0;0;0;0;0;0;0;0;0;0;0;0;0;0;0;0;0;0;0;0;0;0;0;0;0;0;0;0;0;0;0;0;0;0;0;0;0;44561;54750;8343;30;155
21;2101;210150;1;2;1;1;1;32;29;32;34;64;49;32;34;0;0;0;0;0;0;0;0;0;0;0;0;0;0;0;0;0;0;0;0;0;0;0;0;0;0;0;0;0;0;0;0;0;0;160;146;29;7;0;0;0;0;0;39481;53241;9394;54;148
13;1314;131401;1;2;1;1;1;23;23;10;13;18;19;24;24;0;0;0;0;0;0;0;0;0;0;0;0;0;0;0;0;0;0;0;0;0;0;0;0;0;0;0;0;0;0;0;0;0;0;75;79;8;0;0;0;3;2;5;12455;28663;4097;3;7
09;0910;091050;1;2;1;6;1;49;49;33;33;12;12;14;14;7;7;0;0;0;0;0;0;0;0;0;0;0;0;0;0;0;0;0;0;0;0;0;0;0;0;0;0;0;0;0;0;0;0;115;115;20;5;0;0;5;5;7;26302;42034;7617;8;32
13;1303;130301;1;2;1;1;1;18;19;18;18;19;19;12;12;8;8;0;0;0;0;0;0;0;0;0;0;0;0;0;0;0;0;0;0;0;0;0;0;0;0;0;0;0;0;0;0;0;0;75;76;11;5;0;0;1;0;8;23110;29375;6451;30;74
12;1205;120508;1;2;1;6;1;27;27;10;9;12;11;9;9;0;0;0;0;0;0;0;0;9;9;0;0;0;0;1;1;3;3;0;0;0;0;0;0;0;0;0;0;0;0;7;7;0;0;78;76;20;3;0;28;2;8;2;19898;27558;5987;6;30
17;1701;170102;1;2;1;6;1;42;42;42;42;22;22;22;22;0;0;0;0;0;0;0;0;0;0;0;0;0;0;0;0;0;0;0;0;0;0;0;0;0;0;0;0;0;0;0;0;0;0;128;128;0;0;0;0;0;0;0;35546;46720;8537;30;103
23;2301;230102;1;2;1;1;1;40;40;10;10;10;10;10;10;0;0;0;0;0;0;0;0;0;0;0;0;0;0;0;0;0;0;0;0;0;0;0;0;0;0;0;0;0;0;0;0;0;0;70;70;8;0;0;0;0;6;0;17431;25644;3908;9;46
10;1001;100103;1;2;1;1;1;39;39;32;35;41;50;24;15;17;12;0;0;0;0;0;0;20;17;0;0;0;0;0;0;0;0;0;0;0;0;0;0;0;0;0;0;0;0;0;0;0;0;173;168;6;6;0;0;14;0;0;46800;61499;12063;47;121
13;1301;130107;1;2;1;1;1;60;49;56;62;40;41;35;38;8;18;0;0;0;0;0;0;0;0;0;0;0;0;0;0;0;0;0;0;0;0;0;0;0;0;0;0;0;0;0;0;0;0;199;208;32;3;3;5;7;10;4;62272;75466;12640;15;153
06;0601;060104;1;10;2;1;1;20;20;0;0;0;0;0;0;0;0;0;0;0;0;0;0;0;0;0;0;0;0;0;0;0;0;0;0;0;0;0;0;0;0;0;0;0;0;0;0;0;0;20;20;0;0;0;0;0;0;0;4622;7360;539;12;41
17;1701;170113;1;4;1;1;1;0;0;0;0;163;163;0;0;63;72;0;0;0;0;0;0;0;0;0;0;0;0;0;0;0;0;0;0;0;0;0;0;0;0;0;0;0;0;0;0;0;0;226;235;4;6;0;12;0;0;20;59541;85464;8319;24;89
09;0901;090104;1;4;1;1;1;0;0;14;15;8;8;0;0;0;0;0;0;0;0;0;0;0;0;0;0;0;0;0;0;0;0;0;0;0;0;0;0;0;0;0;0;0;0;8;7;0;0;30;30;0;0;0;0;0;0;0;4746;10950;4385;5;5
09;0901;090114;1;4;1;1;1;0;0;0;0;69;70;0;0;18;18;0;0;0;0;0;0;0;0;0;0;0;0;0;0;0;0;0;0;0;0;0;0;0;0;0;0;0;0;0;0;0;0;87;88;4;0;0;8;10;13;11;32589;32187;13748;30;45
17;1701;170111;1;4;1;1;1;0;0;0;0;129;113;43;24;43;42;0;0;0;0;0;0;0;0;0;0;0;0;0;0;0;0;0;0;0;0;0;0;0;0;0;0;0;0;0;0;0;0;215;179;0;0;0;0;0;0;0;42225;65179;9118;37;121
09;0901;090112;1;2;1;1;1;0;0;0;0;87;87;13;13;45;46;0;0;0;0;0;0;0;0;0;0;0;0;0;0;0;0;0;0;0;0;0;0;0;0;0;0;0;0;0;0;0;0;145;146;0;9;0;20;0;0;0;60600;53040;13975;22;142
21;2101;210150;1;11;1;18;2;36;36;36;36;18;18;11;11;0;0;0;0;0;0;0;0;18;18;0;0;0;0;0;0;0;0;0;0;0;0;0;0;0;0;0;0;0;0;0;0;0;0;119;119;0;0;0;0;0;0;0;993;43435;535;0;0
17;1701;170130;1;2;1;18;2;0;0;0;0;0;0;8;8;7;7;0;0;0;0;0;0;0;0;0;0;0;0;0;0;0;0;0;0;0;0;0;0;0;0;0;0;0;0;1;1;26;26;42;42;0;7;7;0;7;0;0;17170;15330;1059;19;57
09;0901;090114;1;2;1;17;3;0;0;0;0;0;0;0;0;0;0;0;0;0;0;0;0;0;0;0;0;0;0;0;0;0;0;0;0;0;0;0;0;0;0;0;0;0;0;0;0;145;145;145;145;0;0;0;0;0;0;0;22189;48664;5125;5;22
09;0901;090112;1;2;1;13;3;55;55;62;62;0;0;0;0;0;0;32;32;0;0;0;0;50;50;0;0;0;0;4;4;23;23;0;0;12;12;11;11;0;0;0;0;0;0;87;87;0;0;336;336;60;77;0;0;24;9;0;131140;159163;9766;40;604
12;1201;120102;1;1;5;17;3;4;4;2;2;14;14;8;8;3;3;0;0;0;0;0;0;0;0;0;0;0;0;0;0;0;0;0;0;0;0;0;0;0;0;0;0;0;0;0;0;0;0;31;31;0;0;0;0;0;0;0;1914;11284;1022;1;0
17;1701;170101;1;2;1;18;2;0;0;0;0;0;0;10;11;0;0;0;0;0;0;0;0;0;0;0;0;0;0;0;0;0;0;0;0;0;0;0;0;0;0;0;0;0;0;0;0;130;130;140;141;0;6;4;4;0;15;0;31607;51345;11465;21;44
01;0101;010112;1;2;1;18;2;5;5;5;5;2;2;4;4;7;7;1;1;1;1;0;0;2;2;1;1;1;1;1;1;2;2;1;1;0;0;1;1;1;1;1;1;1;1;0;0;0;0;37;37;6;5;0;7;0;3;0;8670;13505;3467;4;24
01;0101;010106;1;1;5;11;1;0;0;0;0;0;0;0;0;6;6;0;0;0;0;0;0;0;0;0;0;0;0;0;0;0;0;0;0;0;0;0;0;0;0;0;0;0;0;0;0;17;17;23;23;4;3;0;0;0;3;0;2810;8548;1042;0;2
07;0701;070103;1;1;5;11;1;2;2;0;0;5;5;2;2;0;0;0;0;0;0;0;0;0;0;0;0;0;0;0;0;0;0;0;0;0;0;0;0;0;0;0;0;0;0;0;0;0;0;9;9;1;0;0;0;0;0;1;727;3285;384;0;0
09;0901;090114;1;2;1;3;1;9;9;11;11;8;8;10;10;3;1;0;0;0;0;0;0;6;6;0;0;0;0;0;0;0;0;0;0;0;0;0;0;0;0;0;0;0;0;0;0;0;0;47;45;13;5;0;0;0;0;0;9741;16245;1607;4;41
07;0701;070102;1;8;2;15;3;0;0;11;11;0;0;0;0;0;0;0;0;0;0;0;0;0;0;0;0;0;0;0;0;0;0;0;0;0;0;0;0;0;0;0;0;0;0;12;12;0;0;23;23;4;1;0;0;2;0;0;3589;8335;1176;18;25
17;1701;170126;1;2;1;18;2;0;0;0;0;0;0;0;0;13;13;0;0;0;0;0;0;0;0;0;0;0;0;0;0;0;0;0;0;0;0;0;0;0;0;0;0;0;0;0;0;79;79;92;92;6;5;0;0;1;6;0;14076;33487;4074;7;34
17;1701;170123;1;5;1;1;1;36;33;30;27;0;0;0;0;21;13;0;0;34;17;0;0;30;29;25;13;0;0;0;0;0;0;0;0;12;13;0;0;0;0;0;0;20;20;59;58;0;0;267;223;28;0;13;0;0;0;0;81943;80808;7668;26;182
09;0901;090101;1;5;1;1;1;0;0;46;38;0;0;72;69;3;2;11;11;12;10;0;0;24;23;21;20;8;5;8;6;13;12;24;24;0;0;5;6;15;15;19;19;15;12;0;0;0;0;296;272;13;0;13;32;0;0;33;106839;98765;12591;30;194
17;1701;170156;2;6;2;1;1;0;0;0;0;0;0;0;0;0;0;0;0;0;0;108;111;0;0;0;0;0;0;0;0;0;0;0;0;0;0;0;0;0;0;0;0;0;0;38;38;0;0;146;149;0;0;0;0;0;0;0;18267;54359;525;1;3
09;0923;092350;1;1;5;18;2;8;8;2;2;7;7;2;2;0;0;0;0;0;0;0;0;0;0;0;0;0;0;0;0;0;0;0;0;0;0;0;0;0;0;0;0;0;0;0;0;0;0;19;19;5;0;0;0;0;0;0;821;6935;337;0;1
18;1801;180102;1;11;1;18;2;0;0;0;0;0;0;0;0;0;0;0;0;0;0;0;0;0;0;0;0;0;0;0;0;0;0;0;0;0;0;0;0;0;0;0;0;0;0;0;0;20;20;20;20;5;3;0;3;0;3;0;3034;7300;895;1;11
01;0101;010101;1;1;5;17;3;0;0;0;0;0;0;0;0;2;2;0;0;0;0;0;0;0;0;0;0;0;0;0;0;0;0;0;0;0;0;0;0;0;0;0;0;0;0;0;0;15;15;17;17;1;0;0;0;0;0;0;431;6205;284;0;0
17;1701;170184;2;1;5;18;2;6;6;0;0;0;0;0;0;0;0;0;0;0;0;0;0;0;0;0;0;0;0;0;0;0;0;0;0;0;0;0;0;0;0;0;0;0;0;0;0;0;0;6;6;3;0;0;0;2;3;0;519;2190;265;0;1
11;1101;110104;1;2;1;18;2;0;0;0;0;0;0;0;0;0;0;0;0;0;0;0;0;0;0;0;0;0;0;0;0;0;0;0;0;0;0;0;0;0;0;0;0;0;0;0;0;16;14;16;14;3;1;0;1;1;2;0;2327;5023;1154;1;6
17;1701;170127;1;2;1;17;3;0;0;0;0;0;0;0;0;0;0;0;0;0;0;0;0;0;0;0;0;0;0;0;0;0;0;0;0;0;0;0;0;0;0;0;0;0;0;0;0;86;86;86;86;20;8;2;0;0;7;19;19265;31390;6873;10;34
17;1701;170112;1;15;1;18;2;0;0;0;0;0;0;0;0;0;0;0;0;0;0;0;0;6;6;0;0;0;0;0;0;0;0;0;0;0;0;0;0;0;0;0;0;0;0;0;0;0;0;6;6;0;0;0;0;0;0;0;894;2190;878;0;0
17;1701;170127;1;12;3;18;2;0;0;0;0;6;6;0;0;2;2;0;0;0;0;0;0;0;0;0;0;0;0;0;0;0;0;0;0;0;0;0;0;0;0;0;0;0;0;0;0;0;0;8;8;0;0;0;0;0;0;0;91;2920;72;0;0
06;0601;060101;1;13;1;18;2;0;0;0;0;0;0;0;0;0;0;0;0;0;0;0;0;0;0;0;0;0;0;0;0;0;0;0;0;0;0;0;0;0;0;0;0;0;0;0;0;5;5;5;5;0;0;0;0;0;0;0;430;1825;304;0;0
01;0101;010107;1;8;2;15;3;0;0;37;35;0;0;22;22;0;0;0;0;0;0;0;0;0;0;0;0;0;0;0;0;0;0;0;0;0;0;0;0;0;0;0;0;0;0;36;30;0;0;95;87;8;8;0;0;0;0;0;18735;31910;3989;17;49
10;1001;100150;1;12;3;18;2;0;0;0;0;0;0;0;0;0;0;0;0;0;0;0;0;0;0;0;0;0;0;0;0;0;0;0;0;0;0;0;0;0;0;0;0;0;0;0;0;16;16;16;16;4;2;0;0;0;0;0;1406;5840;843;3;2
17;1701;170110;1;6;2;18;2;0;0;0;0;0;0;0;0;0;0;0;0;0;0;190;186;0;0;0;0;0;0;0;0;0;0;0;0;0;0;0;0;0;0;0;0;0;0;48;48;0;0;238;234;0;0;0;0;0;0;0;52904;85243;733;5;91
01;0101;010111;1;2;1;18;2;0;0;0;0;0;0;0;0;12;12;0;0;0;0;0;0;0;0;0;0;0;0;0;0;0;0;0;0;0;0;0;0;0;0;0;0;0;0;25;25;0;0;37;37;5;6;5;2;0;3;0;10219;13505;2575;12;53
17;1701;170112;1;12;3;18;2;0;0;0;0;0;0;0;0;0;0;0;0;0;0;0;0;0;0;0;0;0;0;0;0;0;0;0;0;0;0;0;0;0;0;0;0;0;0;0;0;7;7;7;7;0;0;0;0;0;0;0;653;2555;392;0;0
23;2301;230105;1;32;1;18;2;0;0;2;2;3;3;0;0;0;0;0;0;0;0;0;0;0;0;0;0;0;0;0;0;0;0;0;0;0;0;0;0;0;0;0;0;0;0;0;0;0;0;5;5;0;0;0;0;0;0;0;289;1825;279;0;0
09;0901;090112;1;2;1;9;1;40;40;39;39;14;14;2;2;12;12;0;0;0;0;0;0;15;15;6;6;0;0;0;0;0;0;0;0;0;0;0;0;0;0;0;0;0;0;0;0;0;0;128;128;11;8;0;0;0;6;0;26170;54534;4591;8;62
17;1701;170117;1;2;1;18;2;0;0;0;0;0;0;0;0;10;6;0;0;0;0;0;0;0;0;0;0;0;0;0;0;0;0;0;0;0;0;0;0;0;0;0;0;0;0;6;6;12;12;28;24;11;4;0;0;0;6;7;3622;8672;989;6;18
06;0601;060150;1;1;5;18;2;0;0;0;0;0;0;0;0;0;0;0;0;0;0;0;0;0;0;0;0;0;0;0;0;0;0;0;0;0;0;0;0;0;0;0;0;0;0;0;0;7;7;7;7;0;0;0;0;0;0;0;757;2555;408;1;1
04;0401;040102;1;12;3;18;2;3;3;2;2;0;0;0;0;1;1;0;0;0;0;0;0;0;0;0;0;0;0;0;0;0;0;0;0;0;0;0;0;0;0;0;0;0;0;0;0;2;2;8;8;1;0;0;0;0;1;0;415;2920;267;0;0
23;2301;230101;1;2;1;18;2;0;0;0;0;3;3;8;8;0;0;0;0;0;0;0;0;0;0;0;0;0;0;0;0;0;0;0;0;0;0;0;0;0;0;0;0;0;0;0;0;20;20;31;31;4;3;3;1;11;0;0;6544;40571;1372;8;27
17;1701;170127;1;12;3;18;2;48;48;6;6;15;15;6;6;0;0;0;0;0;0;0;0;0;0;0;0;0;0;0;0;0;0;0;0;0;0;0;0;0;0;0;0;0;0;0;0;0;0;75;75;12;6;0;0;0;0;0;26674;27375;6087;3;7
17;1701;170121;1;12;3;18;2;0;0;0;0;0;0;1;1;2;2;0;0;0;0;0;0;0;0;0;0;0;0;0;0;0;0;0;0;0;0;0;0;0;0;0;0;0;0;0;0;10;8;13;11;0;0;0;0;0;2;0;499;4133;220;0;0
09;0901;090111;1;2;1;18;2;12;7;1;6;1;1;2;2;1;1;0;0;0;0;0;0;2;1;0;1;0;0;1;1;1;1;0;0;0;0;0;0;0;0;0;0;0;0;0;0;25;25;46;46;3;14;0;2;0;8;16;10048;11057;1806;9;77
09;0924;092450;1;32;1;9;1;0;0;0;0;6;6;0;0;0;0;0;0;0;0;0;0;0;0;0;0;0;0;0;0;0;0;0;0;0;0;0;0;0;0;0;0;0;0;0;0;0;0;6;6;0;0;0;0;0;0;0;305;2190;274;1;0
17;1701;170106;1;1;5;11;1;0;0;0;0;0;0;0;0;0;0;0;0;0;0;0;0;0;0;0;0;0;0;0;0;0;0;0;0;0;0;0;0;0;0;0;0;0;0;0;0;0;7;0;7;0;0;0;0;0;0;0;417;2430;315;0;0
17;1701;170109;1;1;5;11;1;0;0;0;0;12;9;4;5;8;5;0;0;0;0;0;0;0;0;0;0;0;0;0;0;0;0;0;0;0;0;0;0;0;0;0;0;0;0;0;0;0;0;24;19;7;0;0;0;0;0;0;3823;6920;1697;0;0
06;0601;060101;1;8;2;15;3;3;3;12;12;0;0;0;0;0;0;0;0;0;0;0;0;0;0;0;0;0;0;0;0;0;0;0;0;0;0;0;0;0;0;7;7;0;0;0;0;0;0;22;22;0;3;0;0;0;0;0;4631;8030;1060;6;46
